--------- beginning of main
03-14 14:36:49.357 25431 25431 E PresenceHandshake: PP_HANDSHAKE CONNECT_START peer=73:53:A5:D7:40:4B
03-14 14:36:49.357 25431 25431 E PresenceHandshake: PP_CONFIG transportMode=CBOR ledgerCreditCooldownMs=300000
03-14 14:36:49.357 25431 25431 D PresenceGattClient: CLIENT_CONNECT addr=73:53:A5:D7:40:4B
03-14 14:36:49.662 25431 25443 D PresenceGattClient: CLIENT_STATE addr=73:53:A5:D7:40:4B status=0 newState=2
03-14 14:36:49.662 25431 25443 E PresenceHandshake: PP_HANDSHAKE GATT_CONNECTED peer=73:53:A5:D7:40:4B
03-14 14:36:49.665 25431 25443 D PresenceGattClient: REQUEST_MTU addr=73:53:A5:D7:40:4B ok=true requested=185
03-14 14:36:49.975 25431 25443 D PresenceGattClient: MTU_CHANGED addr=73:53:A5:D7:40:4B mtu=517 status=0
03-14 14:36:49.979 25431 25443 D PresenceGattClient: DISCOVER_SERVICES_AFTER_MTU addr=73:53:A5:D7:40:4B ok=true
03-14 14:36:49.986 25431 25443 E PresenceHandshake: PP_HANDSHAKE SERVICES_DISCOVERED peer=73:53:A5:D7:40:4B
03-14 14:36:49.986 25431 25443 D PresenceGattClient: DISCOVERED_SERVICE addr=73:53:A5:D7:40:4B uuid=00001801-0000-1000-8000-00805f9b34fb
03-14 14:36:49.987 25431 25443 D PresenceGattClient: DISCOVERED_CHAR addr=73:53:A5:D7:40:4B service=00001801-0000-1000-8000-00805f9b34fb uuid=00002a05-0000-1000-8000-00805f9b34fb
03-14 14:36:49.987 25431 25443 D PresenceGattClient: DISCOVERED_CHAR addr=73:53:A5:D7:40:4B service=00001801-0000-1000-8000-00805f9b34fb uuid=00002b3a-0000-1000-8000-00805f9b34fb
03-14 14:36:49.988 25431 25443 D PresenceGattClient: DISCOVERED_CHAR addr=73:53:A5:D7:40:4B service=00001801-0000-1000-8000-00805f9b34fb uuid=00002b29-0000-1000-8000-00805f9b34fb
03-14 14:36:49.988 25431 25443 D PresenceGattClient: DISCOVERED_CHAR addr=73:53:A5:D7:40:4B service=00001801-0000-1000-8000-00805f9b34fb uuid=00002b2a-0000-1000-8000-00805f9b34fb
03-14 14:36:49.988 25431 25443 D PresenceGattClient: DISCOVERED_SERVICE addr=73:53:A5:D7:40:4B uuid=00001800-0000-1000-8000-00805f9b34fb
03-14 14:36:49.989 25431 25443 D PresenceGattClient: DISCOVERED_CHAR addr=73:53:A5:D7:40:4B service=00001800-0000-1000-8000-00805f9b34fb uuid=00002a00-0000-1000-8000-00805f9b34fb
03-14 14:36:49.989 25431 25443 D PresenceGattClient: DISCOVERED_CHAR addr=73:53:A5:D7:40:4B service=00001800-0000-1000-8000-00805f9b34fb uuid=00002a01-0000-1000-8000-00805f9b34fb
03-14 14:36:49.989 25431 25443 D PresenceGattClient: DISCOVERED_CHAR addr=73:53:A5:D7:40:4B service=00001800-0000-1000-8000-00805f9b34fb uuid=00002aa6-0000-1000-8000-00805f9b34fb
03-14 14:36:49.990 25431 25443 D PresenceGattClient: DISCOVERED_SERVICE addr=73:53:A5:D7:40:4B uuid=594a34fc-31db-11ea-978f-2e728ce88125
03-14 14:36:49.990 25431 25443 D PresenceGattClient: DISCOVERED_CHAR addr=73:53:A5:D7:40:4B service=594a34fc-31db-11ea-978f-2e728ce88125 uuid=594a36e6-31db-11ea-978f-2e728ce88125
03-14 14:36:49.990 25431 25443 D PresenceGattClient: DISCOVERED_CHAR addr=73:53:A5:D7:40:4B service=594a34fc-31db-11ea-978f-2e728ce88125 uuid=594a3010-31db-11ea-978f-2e728ce88125
03-14 14:36:49.990 25431 25443 D PresenceGattClient: DISCOVERED_SERVICE addr=73:53:A5:D7:40:4B uuid=7d3a2d6b-9b7a-4f2a-9e5e-0c9d6f1b1c01
03-14 14:36:49.991 25431 25443 D PresenceGattClient: DISCOVERED_CHAR addr=73:53:A5:D7:40:4B service=7d3a2d6b-9b7a-4f2a-9e5e-0c9d6f1b1c01 uuid=7d3a2d6b-9b7a-4f2a-9e5e-0c9d6f1b1c02
03-14 14:36:49.991 25431 25443 D PresenceGattClient: DISCOVERED_CHAR addr=73:53:A5:D7:40:4B service=7d3a2d6b-9b7a-4f2a-9e5e-0c9d6f1b1c01 uuid=7d3a2d6b-9b7a-4f2a-9e5e-0c9d6f1b1c03
03-14 14:36:49.991 25431 25443 D PresenceGattClient: DISCOVERED_CHAR addr=73:53:A5:D7:40:4B service=7d3a2d6b-9b7a-4f2a-9e5e-0c9d6f1b1c01 uuid=7d3a2d6b-9b7a-4f2a-9e5e-0c9d6f1b1c04
03-14 14:36:49.992 25431 25443 D PresenceGattClient: SERVICE_LOOKUP addr=73:53:A5:D7:40:4B serviceFound=true replyFound=true helloFound=true
03-14 14:36:50.070 25431 25443 D PresenceGattClient: CCCD_TX addr=73:53:A5:D7:40:4B status=0
03-14 14:36:50.080 25431 25443 D PresenceGattClient: HELLO_BUILD addr=73:53:A5:D7:40:4B mode=CBOR bytes=215 hash=51e94821d09f9e5c1d06f82d711c033a9d0c61b49e6cf62f28ec852389d2421f
03-14 14:36:50.080 25431 25443 D PresenceGattClient: HELLO_WRITE_REQUEST addr=73:53:A5:D7:40:4B writeType=1 bytes=215
03-14 14:36:50.086 25431 25443 D PresenceGattClient: HELLO_TX addr=73:53:A5:D7:40:4B status=0 bytes=215
03-14 14:36:50.087 25431 25443 E PresenceHandshake: PP_HANDSHAKE CHAR_WRITE peer=73:53:A5:D7:40:4B
03-14 14:36:50.171 25431 25443 D PresenceGattClient: REPLY_RX addr=73:53:A5:D7:40:4B bytes=312
03-14 14:36:50.186 25431 25443 E PresenceHandshake: PP_HANDSHAKE NOTIFY_RECEIVED peer=73:53:A5:D7:40:4B
03-14 14:36:50.186 25431 25443 E PresenceHandshake: PP_HANDSHAKE HANDSHAKE_COMPLETE peer=73:53:A5:D7:40:4B rewardPeer=753c88d3-9fad-4b79-b686-108683dbcc7e|e11fe125-bacf-4485-8ccd-d0c353a3f965
03-14 14:36:50.186 25431 25443 E PresenceHandshake: PP_SUPPRESS cooldown peer=753c88d3-9fad-4b79-b686-108683dbcc7e|e11fe125-bacf-4485-8ccd-d0c353a3f965 cooldownMs=179137
03-14 14:36:50.190 25431 25443 D PresenceGattClient: RESULT_TX addr=73:53:A5:D7:40:4B ok=true bytes=2
03-14 14:36:50.192 25431 25443 D PresenceGattClient: RESULT_TX addr=73:53:A5:D7:40:4B status=0
03-14 14:36:50.192 25431 25443 E PresenceGattClient: PP_HANDSHAKE HANDSHAKE_COMPLETE peer=73:53:A5:D7:40:4B
03-14 14:36:50.192 25431 25443 D PresenceGattClient: CLIENT_CLEANUP reason=handshake complete addr=73:53:A5:D7:40:4B
03-14 14:37:19.454 25431 25431 E PresenceHandshake: PP_HANDSHAKE CONNECT_START peer=73:53:A5:D7:40:4B
03-14 14:37:19.454 25431 25431 E PresenceHandshake: PP_CONFIG transportMode=CBOR ledgerCreditCooldownMs=300000
03-14 14:37:19.456 25431 25431 D PresenceGattClient: CLIENT_CONNECT addr=73:53:A5:D7:40:4B
03-14 14:37:20.184 25431 25444 D PresenceGattClient: CLIENT_STATE addr=73:53:A5:D7:40:4B status=0 newState=2
03-14 14:37:20.185 25431 25444 E PresenceHandshake: PP_HANDSHAKE GATT_CONNECTED peer=73:53:A5:D7:40:4B
03-14 14:37:20.188 25431 25444 D PresenceGattClient: REQUEST_MTU addr=73:53:A5:D7:40:4B ok=true requested=185
03-14 14:37:20.493 25431 25444 D PresenceGattClient: MTU_CHANGED addr=73:53:A5:D7:40:4B mtu=517 status=0
03-14 14:37:20.507 25431 25444 D PresenceGattClient: DISCOVER_SERVICES_AFTER_MTU addr=73:53:A5:D7:40:4B ok=true
03-14 14:37:20.510 25431 25444 E PresenceHandshake: PP_HANDSHAKE SERVICES_DISCOVERED peer=73:53:A5:D7:40:4B
03-14 14:37:20.511 25431 25444 D PresenceGattClient: DISCOVERED_SERVICE addr=73:53:A5:D7:40:4B uuid=00001801-0000-1000-8000-00805f9b34fb
03-14 14:37:20.511 25431 25444 D PresenceGattClient: DISCOVERED_CHAR addr=73:53:A5:D7:40:4B service=00001801-0000-1000-8000-00805f9b34fb uuid=00002a05-0000-1000-8000-00805f9b34fb
03-14 14:37:20.512 25431 25444 D PresenceGattClient: DISCOVERED_CHAR addr=73:53:A5:D7:40:4B service=00001801-0000-1000-8000-00805f9b34fb uuid=00002b3a-0000-1000-8000-00805f9b34fb
03-14 14:37:20.512 25431 25444 D PresenceGattClient: DISCOVERED_CHAR addr=73:53:A5:D7:40:4B service=00001801-0000-1000-8000-00805f9b34fb uuid=00002b29-0000-1000-8000-00805f9b34fb
03-14 14:37:20.513 25431 25444 D PresenceGattClient: DISCOVERED_CHAR addr=73:53:A5:D7:40:4B service=00001801-0000-1000-8000-00805f9b34fb uuid=00002b2a-0000-1000-8000-00805f9b34fb
03-14 14:37:20.513 25431 25444 D PresenceGattClient: DISCOVERED_SERVICE addr=73:53:A5:D7:40:4B uuid=00001800-0000-1000-8000-00805f9b34fb
03-14 14:37:20.513 25431 25444 D PresenceGattClient: DISCOVERED_CHAR addr=73:53:A5:D7:40:4B service=00001800-0000-1000-8000-00805f9b34fb uuid=00002a00-0000-1000-8000-00805f9b34fb
03-14 14:37:20.514 25431 25444 D PresenceGattClient: DISCOVERED_CHAR addr=73:53:A5:D7:40:4B service=00001800-0000-1000-8000-00805f9b34fb uuid=00002a01-0000-1000-8000-00805f9b34fb
03-14 14:37:20.514 25431 25444 D PresenceGattClient: DISCOVERED_CHAR addr=73:53:A5:D7:40:4B service=00001800-0000-1000-8000-00805f9b34fb uuid=00002aa6-0000-1000-8000-00805f9b34fb
03-14 14:37:20.514 25431 25444 D PresenceGattClient: DISCOVERED_SERVICE addr=73:53:A5:D7:40:4B uuid=594a34fc-31db-11ea-978f-2e728ce88125
03-14 14:37:20.515 25431 25444 D PresenceGattClient: DISCOVERED_CHAR addr=73:53:A5:D7:40:4B service=594a34fc-31db-11ea-978f-2e728ce88125 uuid=594a36e6-31db-11ea-978f-2e728ce88125
03-14 14:37:20.516 25431 25444 D PresenceGattClient: DISCOVERED_CHAR addr=73:53:A5:D7:40:4B service=594a34fc-31db-11ea-978f-2e728ce88125 uuid=594a3010-31db-11ea-978f-2e728ce88125
03-14 14:37:20.516 25431 25444 D PresenceGattClient: DISCOVERED_SERVICE addr=73:53:A5:D7:40:4B uuid=7d3a2d6b-9b7a-4f2a-9e5e-0c9d6f1b1c01
03-14 14:37:20.516 25431 25444 D PresenceGattClient: DISCOVERED_CHAR addr=73:53:A5:D7:40:4B service=7d3a2d6b-9b7a-4f2a-9e5e-0c9d6f1b1c01 uuid=7d3a2d6b-9b7a-4f2a-9e5e-0c9d6f1b1c02
03-14 14:37:20.517 25431 25444 D PresenceGattClient: DISCOVERED_CHAR addr=73:53:A5:D7:40:4B service=7d3a2d6b-9b7a-4f2a-9e5e-0c9d6f1b1c01 uuid=7d3a2d6b-9b7a-4f2a-9e5e-0c9d6f1b1c03
03-14 14:37:20.517 25431 25444 D PresenceGattClient: DISCOVERED_CHAR addr=73:53:A5:D7:40:4B service=7d3a2d6b-9b7a-4f2a-9e5e-0c9d6f1b1c01 uuid=7d3a2d6b-9b7a-4f2a-9e5e-0c9d6f1b1c04
03-14 14:37:20.518 25431 25444 D PresenceGattClient: SERVICE_LOOKUP addr=73:53:A5:D7:40:4B serviceFound=true replyFound=true helloFound=true
03-14 14:37:20.588 25431 25444 D PresenceGattClient: CCCD_TX addr=73:53:A5:D7:40:4B status=0
03-14 14:37:20.598 25431 25444 D PresenceGattClient: HELLO_BUILD addr=73:53:A5:D7:40:4B mode=CBOR bytes=215 hash=34101cffee804936c05b8a59ee641a874b530dbff5357e29796eb3747b86804a
03-14 14:37:20.599 25431 25444 D PresenceGattClient: HELLO_WRITE_REQUEST addr=73:53:A5:D7:40:4B writeType=1 bytes=215
03-14 14:37:20.604 25431 25444 D PresenceGattClient: HELLO_TX addr=73:53:A5:D7:40:4B status=0 bytes=215
03-14 14:37:20.605 25431 25444 E PresenceHandshake: PP_HANDSHAKE CHAR_WRITE peer=73:53:A5:D7:40:4B
03-14 14:37:20.788 25431 25444 D PresenceGattClient: REPLY_RX addr=73:53:A5:D7:40:4B bytes=312
03-14 14:37:20.804 25431 25444 E PresenceHandshake: PP_HANDSHAKE NOTIFY_RECEIVED peer=73:53:A5:D7:40:4B
03-14 14:37:20.805 25431 25444 E PresenceHandshake: PP_HANDSHAKE HANDSHAKE_COMPLETE peer=73:53:A5:D7:40:4B rewardPeer=753c88d3-9fad-4b79-b686-108683dbcc7e|e11fe125-bacf-4485-8ccd-d0c353a3f965
03-14 14:37:20.805 25431 25444 E PresenceHandshake: PP_SUPPRESS cooldown peer=753c88d3-9fad-4b79-b686-108683dbcc7e|e11fe125-bacf-4485-8ccd-d0c353a3f965 cooldownMs=148518
03-14 14:37:20.809 25431 25444 D PresenceGattClient: RESULT_TX addr=73:53:A5:D7:40:4B ok=true bytes=2
03-14 14:37:20.812 25431 25444 D PresenceGattClient: RESULT_TX addr=73:53:A5:D7:40:4B status=0
03-14 14:37:20.812 25431 25444 E PresenceGattClient: PP_HANDSHAKE HANDSHAKE_COMPLETE peer=73:53:A5:D7:40:4B
03-14 14:37:20.812 25431 25444 D PresenceGattClient: CLIENT_CLEANUP reason=handshake complete addr=73:53:A5:D7:40:4B
03-14 14:37:49.839 25431 25431 E PresenceHandshake: PP_HANDSHAKE CONNECT_START peer=73:53:A5:D7:40:4B
03-14 14:37:49.840 25431 25431 E PresenceHandshake: PP_CONFIG transportMode=CBOR ledgerCreditCooldownMs=300000
03-14 14:37:49.841 25431 25431 D PresenceGattClient: CLIENT_CONNECT addr=73:53:A5:D7:40:4B
03-14 14:37:50.370 25431 25444 D PresenceGattClient: CLIENT_STATE addr=73:53:A5:D7:40:4B status=0 newState=2
03-14 14:37:50.370 25431 25444 E PresenceHandshake: PP_HANDSHAKE GATT_CONNECTED peer=73:53:A5:D7:40:4B
03-14 14:37:50.375 25431 25444 D PresenceGattClient: REQUEST_MTU addr=73:53:A5:D7:40:4B ok=true requested=185
03-14 14:37:50.624 25431 25444 D PresenceGattClient: MTU_CHANGED addr=73:53:A5:D7:40:4B mtu=517 status=0
03-14 14:37:50.629 25431 25444 D PresenceGattClient: DISCOVER_SERVICES_AFTER_MTU addr=73:53:A5:D7:40:4B ok=true
03-14 14:37:50.634 25431 25444 E PresenceHandshake: PP_HANDSHAKE SERVICES_DISCOVERED peer=73:53:A5:D7:40:4B
03-14 14:37:50.635 25431 25444 D PresenceGattClient: DISCOVERED_SERVICE addr=73:53:A5:D7:40:4B uuid=00001801-0000-1000-8000-00805f9b34fb
03-14 14:37:50.636 25431 25444 D PresenceGattClient: DISCOVERED_CHAR addr=73:53:A5:D7:40:4B service=00001801-0000-1000-8000-00805f9b34fb uuid=00002a05-0000-1000-8000-00805f9b34fb
03-14 14:37:50.636 25431 25444 D PresenceGattClient: DISCOVERED_CHAR addr=73:53:A5:D7:40:4B service=00001801-0000-1000-8000-00805f9b34fb uuid=00002b3a-0000-1000-8000-00805f9b34fb
03-14 14:37:50.636 25431 25444 D PresenceGattClient: DISCOVERED_CHAR addr=73:53:A5:D7:40:4B service=00001801-0000-1000-8000-00805f9b34fb uuid=00002b29-0000-1000-8000-00805f9b34fb
03-14 14:37:50.637 25431 25444 D PresenceGattClient: DISCOVERED_CHAR addr=73:53:A5:D7:40:4B service=00001801-0000-1000-8000-00805f9b34fb uuid=00002b2a-0000-1000-8000-00805f9b34fb
03-14 14:37:50.637 25431 25444 D PresenceGattClient: DISCOVERED_SERVICE addr=73:53:A5:D7:40:4B uuid=00001800-0000-1000-8000-00805f9b34fb
03-14 14:37:50.637 25431 25444 D PresenceGattClient: DISCOVERED_CHAR addr=73:53:A5:D7:40:4B service=00001800-0000-1000-8000-00805f9b34fb uuid=00002a00-0000-1000-8000-00805f9b34fb
03-14 14:37:50.638 25431 25444 D PresenceGattClient: DISCOVERED_CHAR addr=73:53:A5:D7:40:4B service=00001800-0000-1000-8000-00805f9b34fb uuid=00002a01-0000-1000-8000-00805f9b34fb
03-14 14:37:50.638 25431 25444 D PresenceGattClient: DISCOVERED_CHAR addr=73:53:A5:D7:40:4B service=00001800-0000-1000-8000-00805f9b34fb uuid=00002aa6-0000-1000-8000-00805f9b34fb
03-14 14:37:50.638 25431 25444 D PresenceGattClient: DISCOVERED_SERVICE addr=73:53:A5:D7:40:4B uuid=594a34fc-31db-11ea-978f-2e728ce88125
03-14 14:37:50.640 25431 25444 D PresenceGattClient: DISCOVERED_CHAR addr=73:53:A5:D7:40:4B service=594a34fc-31db-11ea-978f-2e728ce88125 uuid=594a36e6-31db-11ea-978f-2e728ce88125
03-14 14:37:50.640 25431 25444 D PresenceGattClient: DISCOVERED_CHAR addr=73:53:A5:D7:40:4B service=594a34fc-31db-11ea-978f-2e728ce88125 uuid=594a3010-31db-11ea-978f-2e728ce88125
03-14 14:37:50.641 25431 25444 D PresenceGattClient: DISCOVERED_SERVICE addr=73:53:A5:D7:40:4B uuid=7d3a2d6b-9b7a-4f2a-9e5e-0c9d6f1b1c01
03-14 14:37:50.641 25431 25444 D PresenceGattClient: DISCOVERED_CHAR addr=73:53:A5:D7:40:4B service=7d3a2d6b-9b7a-4f2a-9e5e-0c9d6f1b1c01 uuid=7d3a2d6b-9b7a-4f2a-9e5e-0c9d6f1b1c02
03-14 14:37:50.642 25431 25444 D PresenceGattClient: DISCOVERED_CHAR addr=73:53:A5:D7:40:4B service=7d3a2d6b-9b7a-4f2a-9e5e-0c9d6f1b1c01 uuid=7d3a2d6b-9b7a-4f2a-9e5e-0c9d6f1b1c03
03-14 14:37:50.643 25431 25444 D PresenceGattClient: DISCOVERED_CHAR addr=73:53:A5:D7:40:4B service=7d3a2d6b-9b7a-4f2a-9e5e-0c9d6f1b1c01 uuid=7d3a2d6b-9b7a-4f2a-9e5e-0c9d6f1b1c04
03-14 14:37:50.644 25431 25444 D PresenceGattClient: SERVICE_LOOKUP addr=73:53:A5:D7:40:4B serviceFound=true replyFound=true helloFound=true
03-14 14:37:50.715 25431 25444 D PresenceGattClient: CCCD_TX addr=73:53:A5:D7:40:4B status=0
03-14 14:37:50.724 25431 25444 D PresenceGattClient: HELLO_BUILD addr=73:53:A5:D7:40:4B mode=CBOR bytes=215 hash=34781164028a8d7d5ea2ffa10bda10697ca9e35d5116b118712f7d369624b727
03-14 14:37:50.725 25431 25444 D PresenceGattClient: HELLO_WRITE_REQUEST addr=73:53:A5:D7:40:4B writeType=1 bytes=215
03-14 14:37:50.731 25431 25444 D PresenceGattClient: HELLO_TX addr=73:53:A5:D7:40:4B status=0 bytes=215
03-14 14:37:50.731 25431 25444 E PresenceHandshake: PP_HANDSHAKE CHAR_WRITE peer=73:53:A5:D7:40:4B
03-14 14:37:50.922 25431 25444 D PresenceGattClient: REPLY_RX addr=73:53:A5:D7:40:4B bytes=312
03-14 14:37:50.938 25431 25444 E PresenceHandshake: PP_HANDSHAKE NOTIFY_RECEIVED peer=73:53:A5:D7:40:4B
03-14 14:37:50.938 25431 25444 E PresenceHandshake: PP_HANDSHAKE HANDSHAKE_COMPLETE peer=73:53:A5:D7:40:4B rewardPeer=753c88d3-9fad-4b79-b686-108683dbcc7e|e11fe125-bacf-4485-8ccd-d0c353a3f965
03-14 14:37:50.938 25431 25444 E PresenceHandshake: PP_SUPPRESS cooldown peer=753c88d3-9fad-4b79-b686-108683dbcc7e|e11fe125-bacf-4485-8ccd-d0c353a3f965 cooldownMs=118385
03-14 14:37:50.941 25431 25444 D PresenceGattClient: RESULT_TX addr=73:53:A5:D7:40:4B ok=true bytes=2
03-14 14:37:50.944 25431 25444 D PresenceGattClient: RESULT_TX addr=73:53:A5:D7:40:4B status=0
03-14 14:37:50.944 25431 25444 E PresenceGattClient: PP_HANDSHAKE HANDSHAKE_COMPLETE peer=73:53:A5:D7:40:4B
03-14 14:37:50.944 25431 25444 D PresenceGattClient: CLIENT_CLEANUP reason=handshake complete addr=73:53:A5:D7:40:4B
03-14 14:38:19.960 25431 25431 E PresenceHandshake: PP_HANDSHAKE CONNECT_START peer=73:53:A5:D7:40:4B
03-14 14:38:19.960 25431 25431 E PresenceHandshake: PP_CONFIG transportMode=CBOR ledgerCreditCooldownMs=300000
03-14 14:38:19.960 25431 25431 D PresenceGattClient: CLIENT_CONNECT addr=73:53:A5:D7:40:4B
03-14 14:38:20.340 25431 25444 D PresenceGattClient: CLIENT_STATE addr=73:53:A5:D7:40:4B status=0 newState=2
03-14 14:38:20.341 25431 25444 E PresenceHandshake: PP_HANDSHAKE GATT_CONNECTED peer=73:53:A5:D7:40:4B
03-14 14:38:20.344 25431 25444 D PresenceGattClient: REQUEST_MTU addr=73:53:A5:D7:40:4B ok=true requested=185
03-14 14:38:20.702 25431 25444 D PresenceGattClient: MTU_CHANGED addr=73:53:A5:D7:40:4B mtu=517 status=0
03-14 14:38:20.706 25431 25444 D PresenceGattClient: DISCOVER_SERVICES_AFTER_MTU addr=73:53:A5:D7:40:4B ok=true
03-14 14:38:20.713 25431 25444 E PresenceHandshake: PP_HANDSHAKE SERVICES_DISCOVERED peer=73:53:A5:D7:40:4B
03-14 14:38:20.714 25431 25444 D PresenceGattClient: DISCOVERED_SERVICE addr=73:53:A5:D7:40:4B uuid=00001801-0000-1000-8000-00805f9b34fb
03-14 14:38:20.714 25431 25444 D PresenceGattClient: DISCOVERED_CHAR addr=73:53:A5:D7:40:4B service=00001801-0000-1000-8000-00805f9b34fb uuid=00002a05-0000-1000-8000-00805f9b34fb
03-14 14:38:20.715 25431 25444 D PresenceGattClient: DISCOVERED_CHAR addr=73:53:A5:D7:40:4B service=00001801-0000-1000-8000-00805f9b34fb uuid=00002b3a-0000-1000-8000-00805f9b34fb
03-14 14:38:20.715 25431 25444 D PresenceGattClient: DISCOVERED_CHAR addr=73:53:A5:D7:40:4B service=00001801-0000-1000-8000-00805f9b34fb uuid=00002b29-0000-1000-8000-00805f9b34fb
03-14 14:38:20.716 25431 25444 D PresenceGattClient: DISCOVERED_CHAR addr=73:53:A5:D7:40:4B service=00001801-0000-1000-8000-00805f9b34fb uuid=00002b2a-0000-1000-8000-00805f9b34fb
03-14 14:38:20.716 25431 25444 D PresenceGattClient: DISCOVERED_SERVICE addr=73:53:A5:D7:40:4B uuid=00001800-0000-1000-8000-00805f9b34fb
03-14 14:38:20.717 25431 25444 D PresenceGattClient: DISCOVERED_CHAR addr=73:53:A5:D7:40:4B service=00001800-0000-1000-8000-00805f9b34fb uuid=00002a00-0000-1000-8000-00805f9b34fb
03-14 14:38:20.717 25431 25444 D PresenceGattClient: DISCOVERED_CHAR addr=73:53:A5:D7:40:4B service=00001800-0000-1000-8000-00805f9b34fb uuid=00002a01-0000-1000-8000-00805f9b34fb
03-14 14:38:20.718 25431 25444 D PresenceGattClient: DISCOVERED_CHAR addr=73:53:A5:D7:40:4B service=00001800-0000-1000-8000-00805f9b34fb uuid=00002aa6-0000-1000-8000-00805f9b34fb
03-14 14:38:20.718 25431 25444 D PresenceGattClient: DISCOVERED_SERVICE addr=73:53:A5:D7:40:4B uuid=594a34fc-31db-11ea-978f-2e728ce88125
03-14 14:38:20.718 25431 25444 D PresenceGattClient: DISCOVERED_CHAR addr=73:53:A5:D7:40:4B service=594a34fc-31db-11ea-978f-2e728ce88125 uuid=594a36e6-31db-11ea-978f-2e728ce88125
03-14 14:38:20.719 25431 25444 D PresenceGattClient: DISCOVERED_CHAR addr=73:53:A5:D7:40:4B service=594a34fc-31db-11ea-978f-2e728ce88125 uuid=594a3010-31db-11ea-978f-2e728ce88125
03-14 14:38:20.719 25431 25444 D PresenceGattClient: DISCOVERED_SERVICE addr=73:53:A5:D7:40:4B uuid=7d3a2d6b-9b7a-4f2a-9e5e-0c9d6f1b1c01
03-14 14:38:20.719 25431 25444 D PresenceGattClient: DISCOVERED_CHAR addr=73:53:A5:D7:40:4B service=7d3a2d6b-9b7a-4f2a-9e5e-0c9d6f1b1c01 uuid=7d3a2d6b-9b7a-4f2a-9e5e-0c9d6f1b1c02
03-14 14:38:20.720 25431 25444 D PresenceGattClient: DISCOVERED_CHAR addr=73:53:A5:D7:40:4B service=7d3a2d6b-9b7a-4f2a-9e5e-0c9d6f1b1c01 uuid=7d3a2d6b-9b7a-4f2a-9e5e-0c9d6f1b1c03
03-14 14:38:20.720 25431 25444 D PresenceGattClient: DISCOVERED_CHAR addr=73:53:A5:D7:40:4B service=7d3a2d6b-9b7a-4f2a-9e5e-0c9d6f1b1c01 uuid=7d3a2d6b-9b7a-4f2a-9e5e-0c9d6f1b1c04
03-14 14:38:20.721 25431 25444 D PresenceGattClient: SERVICE_LOOKUP addr=73:53:A5:D7:40:4B serviceFound=true replyFound=true helloFound=true
03-14 14:38:20.793 25431 25444 D PresenceGattClient: CCCD_TX addr=73:53:A5:D7:40:4B status=0
03-14 14:38:20.795 25431 25444 D PresenceGattClient: HELLO_BUILD addr=73:53:A5:D7:40:4B mode=CBOR bytes=215 hash=9665805c599c3efeb62e6880e881fc7c0c769ab6e85c9b6b13dfd9c6d883cbc6
03-14 14:38:20.796 25431 25444 D PresenceGattClient: HELLO_WRITE_REQUEST addr=73:53:A5:D7:40:4B writeType=1 bytes=215
03-14 14:38:20.801 25431 25444 D PresenceGattClient: HELLO_TX addr=73:53:A5:D7:40:4B status=0 bytes=215
03-14 14:38:20.801 25431 25444 E PresenceHandshake: PP_HANDSHAKE CHAR_WRITE peer=73:53:A5:D7:40:4B
03-14 14:38:20.906 25431 25444 D PresenceGattClient: REPLY_RX addr=73:53:A5:D7:40:4B bytes=312
03-14 14:38:20.921 25431 25444 E PresenceHandshake: PP_HANDSHAKE NOTIFY_RECEIVED peer=73:53:A5:D7:40:4B
03-14 14:38:20.922 25431 25444 E PresenceHandshake: PP_HANDSHAKE HANDSHAKE_COMPLETE peer=73:53:A5:D7:40:4B rewardPeer=753c88d3-9fad-4b79-b686-108683dbcc7e|e11fe125-bacf-4485-8ccd-d0c353a3f965
03-14 14:38:20.923 25431 25444 E PresenceHandshake: PP_SUPPRESS cooldown peer=753c88d3-9fad-4b79-b686-108683dbcc7e|e11fe125-bacf-4485-8ccd-d0c353a3f965 cooldownMs=88401
03-14 14:38:20.926 25431 25444 D PresenceGattClient: RESULT_TX addr=73:53:A5:D7:40:4B ok=true bytes=2
03-14 14:38:20.929 25431 25444 D PresenceGattClient: RESULT_TX addr=73:53:A5:D7:40:4B status=0
03-14 14:38:20.929 25431 25444 E PresenceGattClient: PP_HANDSHAKE HANDSHAKE_COMPLETE peer=73:53:A5:D7:40:4B
03-14 14:38:20.929 25431 25444 D PresenceGattClient: CLIENT_CLEANUP reason=handshake complete addr=73:53:A5:D7:40:4B
03-14 14:38:50.065 25431 25431 E PresenceHandshake: PP_HANDSHAKE CONNECT_START peer=73:53:A5:D7:40:4B
03-14 14:38:50.065 25431 25431 E PresenceHandshake: PP_CONFIG transportMode=CBOR ledgerCreditCooldownMs=300000
03-14 14:38:50.066 25431 25431 D PresenceGattClient: CLIENT_CONNECT addr=73:53:A5:D7:40:4B
03-14 14:38:50.617 25431 25444 D PresenceGattClient: CLIENT_STATE addr=73:53:A5:D7:40:4B status=0 newState=2
03-14 14:38:50.617 25431 25444 E PresenceHandshake: PP_HANDSHAKE GATT_CONNECTED peer=73:53:A5:D7:40:4B
03-14 14:38:50.622 25431 25444 D PresenceGattClient: REQUEST_MTU addr=73:53:A5:D7:40:4B ok=true requested=185
03-14 14:38:50.875 25431 25444 D PresenceGattClient: MTU_CHANGED addr=73:53:A5:D7:40:4B mtu=517 status=0
03-14 14:38:50.880 25431 25444 D PresenceGattClient: DISCOVER_SERVICES_AFTER_MTU addr=73:53:A5:D7:40:4B ok=true
03-14 14:38:50.885 25431 25444 E PresenceHandshake: PP_HANDSHAKE SERVICES_DISCOVERED peer=73:53:A5:D7:40:4B
03-14 14:38:50.886 25431 25444 D PresenceGattClient: DISCOVERED_SERVICE addr=73:53:A5:D7:40:4B uuid=00001801-0000-1000-8000-00805f9b34fb
03-14 14:38:50.886 25431 25444 D PresenceGattClient: DISCOVERED_CHAR addr=73:53:A5:D7:40:4B service=00001801-0000-1000-8000-00805f9b34fb uuid=00002a05-0000-1000-8000-00805f9b34fb
03-14 14:38:50.886 25431 25444 D PresenceGattClient: DISCOVERED_CHAR addr=73:53:A5:D7:40:4B service=00001801-0000-1000-8000-00805f9b34fb uuid=00002b3a-0000-1000-8000-00805f9b34fb
03-14 14:38:50.887 25431 25444 D PresenceGattClient: DISCOVERED_CHAR addr=73:53:A5:D7:40:4B service=00001801-0000-1000-8000-00805f9b34fb uuid=00002b29-0000-1000-8000-00805f9b34fb
03-14 14:38:50.887 25431 25444 D PresenceGattClient: DISCOVERED_CHAR addr=73:53:A5:D7:40:4B service=00001801-0000-1000-8000-00805f9b34fb uuid=00002b2a-0000-1000-8000-00805f9b34fb
03-14 14:38:50.887 25431 25444 D PresenceGattClient: DISCOVERED_SERVICE addr=73:53:A5:D7:40:4B uuid=00001800-0000-1000-8000-00805f9b34fb
03-14 14:38:50.888 25431 25444 D PresenceGattClient: DISCOVERED_CHAR addr=73:53:A5:D7:40:4B service=00001800-0000-1000-8000-00805f9b34fb uuid=00002a00-0000-1000-8000-00805f9b34fb
03-14 14:38:50.888 25431 25444 D PresenceGattClient: DISCOVERED_CHAR addr=73:53:A5:D7:40:4B service=00001800-0000-1000-8000-00805f9b34fb uuid=00002a01-0000-1000-8000-00805f9b34fb
03-14 14:38:50.889 25431 25444 D PresenceGattClient: DISCOVERED_CHAR addr=73:53:A5:D7:40:4B service=00001800-0000-1000-8000-00805f9b34fb uuid=00002aa6-0000-1000-8000-00805f9b34fb
03-14 14:38:50.889 25431 25444 D PresenceGattClient: DISCOVERED_SERVICE addr=73:53:A5:D7:40:4B uuid=594a34fc-31db-11ea-978f-2e728ce88125
03-14 14:38:50.889 25431 25444 D PresenceGattClient: DISCOVERED_CHAR addr=73:53:A5:D7:40:4B service=594a34fc-31db-11ea-978f-2e728ce88125 uuid=594a36e6-31db-11ea-978f-2e728ce88125
03-14 14:38:50.890 25431 25444 D PresenceGattClient: DISCOVERED_CHAR addr=73:53:A5:D7:40:4B service=594a34fc-31db-11ea-978f-2e728ce88125 uuid=594a3010-31db-11ea-978f-2e728ce88125
03-14 14:38:50.890 25431 25444 D PresenceGattClient: DISCOVERED_SERVICE addr=73:53:A5:D7:40:4B uuid=7d3a2d6b-9b7a-4f2a-9e5e-0c9d6f1b1c01
03-14 14:38:50.890 25431 25444 D PresenceGattClient: DISCOVERED_CHAR addr=73:53:A5:D7:40:4B service=7d3a2d6b-9b7a-4f2a-9e5e-0c9d6f1b1c01 uuid=7d3a2d6b-9b7a-4f2a-9e5e-0c9d6f1b1c02
03-14 14:38:50.890 25431 25444 D PresenceGattClient: DISCOVERED_CHAR addr=73:53:A5:D7:40:4B service=7d3a2d6b-9b7a-4f2a-9e5e-0c9d6f1b1c01 uuid=7d3a2d6b-9b7a-4f2a-9e5e-0c9d6f1b1c03
03-14 14:38:50.891 25431 25444 D PresenceGattClient: DISCOVERED_CHAR addr=73:53:A5:D7:40:4B service=7d3a2d6b-9b7a-4f2a-9e5e-0c9d6f1b1c01 uuid=7d3a2d6b-9b7a-4f2a-9e5e-0c9d6f1b1c04
03-14 14:38:50.891 25431 25444 D PresenceGattClient: SERVICE_LOOKUP addr=73:53:A5:D7:40:4B serviceFound=true replyFound=true helloFound=true
03-14 14:38:50.971 25431 25444 D PresenceGattClient: CCCD_TX addr=73:53:A5:D7:40:4B status=0
03-14 14:38:50.980 25431 25444 D PresenceGattClient: HELLO_BUILD addr=73:53:A5:D7:40:4B mode=CBOR bytes=215 hash=01913c1650518e783b931caf44f2f97885051cd6cc048de9394bfc8b57601487
03-14 14:38:50.981 25431 25444 D PresenceGattClient: HELLO_WRITE_REQUEST addr=73:53:A5:D7:40:4B writeType=1 bytes=215
03-14 14:38:50.988 25431 25444 D PresenceGattClient: HELLO_TX addr=73:53:A5:D7:40:4B status=0 bytes=215
03-14 14:38:50.988 25431 25444 E PresenceHandshake: PP_HANDSHAKE CHAR_WRITE peer=73:53:A5:D7:40:4B
03-14 14:38:51.122 25431 25444 D PresenceGattClient: REPLY_RX addr=73:53:A5:D7:40:4B bytes=312
03-14 14:38:51.137 25431 25444 E PresenceHandshake: PP_HANDSHAKE NOTIFY_RECEIVED peer=73:53:A5:D7:40:4B
03-14 14:38:51.138 25431 25444 E PresenceHandshake: PP_HANDSHAKE HANDSHAKE_COMPLETE peer=73:53:A5:D7:40:4B rewardPeer=753c88d3-9fad-4b79-b686-108683dbcc7e|e11fe125-bacf-4485-8ccd-d0c353a3f965
03-14 14:38:51.138 25431 25444 E PresenceHandshake: PP_SUPPRESS cooldown peer=753c88d3-9fad-4b79-b686-108683dbcc7e|e11fe125-bacf-4485-8ccd-d0c353a3f965 cooldownMs=58185
03-14 14:38:51.141 25431 25444 D PresenceGattClient: RESULT_TX addr=73:53:A5:D7:40:4B ok=true bytes=2
03-14 14:38:51.144 25431 25444 D PresenceGattClient: RESULT_TX addr=73:53:A5:D7:40:4B status=0
03-14 14:38:51.144 25431 25444 E PresenceGattClient: PP_HANDSHAKE HANDSHAKE_COMPLETE peer=73:53:A5:D7:40:4B
03-14 14:38:51.144 25431 25444 D PresenceGattClient: CLIENT_CLEANUP reason=handshake complete addr=73:53:A5:D7:40:4B
03-14 14:39:20.090 25431 25431 E PresenceHandshake: PP_HANDSHAKE CONNECT_START peer=73:53:A5:D7:40:4B
03-14 14:39:20.090 25431 25431 E PresenceHandshake: PP_CONFIG transportMode=CBOR ledgerCreditCooldownMs=300000
03-14 14:39:20.090 25431 25431 D PresenceGattClient: CLIENT_CONNECT addr=73:53:A5:D7:40:4B
03-14 14:39:21.569 25431 25444 D PresenceGattClient: CLIENT_STATE addr=73:53:A5:D7:40:4B status=0 newState=2
03-14 14:39:21.569 25431 25444 E PresenceHandshake: PP_HANDSHAKE GATT_CONNECTED peer=73:53:A5:D7:40:4B
03-14 14:39:21.573 25431 25444 D PresenceGattClient: REQUEST_MTU addr=73:53:A5:D7:40:4B ok=true requested=185
03-14 14:39:21.831 25431 25444 D PresenceGattClient: MTU_CHANGED addr=73:53:A5:D7:40:4B mtu=517 status=0
03-14 14:39:21.835 25431 25444 D PresenceGattClient: DISCOVER_SERVICES_AFTER_MTU addr=73:53:A5:D7:40:4B ok=true
03-14 14:39:21.840 25431 25444 E PresenceHandshake: PP_HANDSHAKE SERVICES_DISCOVERED peer=73:53:A5:D7:40:4B
03-14 14:39:21.841 25431 25444 D PresenceGattClient: DISCOVERED_SERVICE addr=73:53:A5:D7:40:4B uuid=00001801-0000-1000-8000-00805f9b34fb
03-14 14:39:21.841 25431 25444 D PresenceGattClient: DISCOVERED_CHAR addr=73:53:A5:D7:40:4B service=00001801-0000-1000-8000-00805f9b34fb uuid=00002a05-0000-1000-8000-00805f9b34fb
03-14 14:39:21.842 25431 25444 D PresenceGattClient: DISCOVERED_CHAR addr=73:53:A5:D7:40:4B service=00001801-0000-1000-8000-00805f9b34fb uuid=00002b3a-0000-1000-8000-00805f9b34fb
03-14 14:39:21.842 25431 25444 D PresenceGattClient: DISCOVERED_CHAR addr=73:53:A5:D7:40:4B service=00001801-0000-1000-8000-00805f9b34fb uuid=00002b29-0000-1000-8000-00805f9b34fb
03-14 14:39:21.843 25431 25444 D PresenceGattClient: DISCOVERED_CHAR addr=73:53:A5:D7:40:4B service=00001801-0000-1000-8000-00805f9b34fb uuid=00002b2a-0000-1000-8000-00805f9b34fb
03-14 14:39:21.844 25431 25444 D PresenceGattClient: DISCOVERED_SERVICE addr=73:53:A5:D7:40:4B uuid=00001800-0000-1000-8000-00805f9b34fb
03-14 14:39:21.844 25431 25444 D PresenceGattClient: DISCOVERED_CHAR addr=73:53:A5:D7:40:4B service=00001800-0000-1000-8000-00805f9b34fb uuid=00002a00-0000-1000-8000-00805f9b34fb
03-14 14:39:21.845 25431 25444 D PresenceGattClient: DISCOVERED_CHAR addr=73:53:A5:D7:40:4B service=00001800-0000-1000-8000-00805f9b34fb uuid=00002a01-0000-1000-8000-00805f9b34fb
03-14 14:39:21.846 25431 25444 D PresenceGattClient: DISCOVERED_CHAR addr=73:53:A5:D7:40:4B service=00001800-0000-1000-8000-00805f9b34fb uuid=00002aa6-0000-1000-8000-00805f9b34fb
03-14 14:39:21.846 25431 25444 D PresenceGattClient: DISCOVERED_SERVICE addr=73:53:A5:D7:40:4B uuid=594a34fc-31db-11ea-978f-2e728ce88125
03-14 14:39:21.847 25431 25444 D PresenceGattClient: DISCOVERED_CHAR addr=73:53:A5:D7:40:4B service=594a34fc-31db-11ea-978f-2e728ce88125 uuid=594a36e6-31db-11ea-978f-2e728ce88125
03-14 14:39:21.847 25431 25444 D PresenceGattClient: DISCOVERED_CHAR addr=73:53:A5:D7:40:4B service=594a34fc-31db-11ea-978f-2e728ce88125 uuid=594a3010-31db-11ea-978f-2e728ce88125
03-14 14:39:21.848 25431 25444 D PresenceGattClient: DISCOVERED_SERVICE addr=73:53:A5:D7:40:4B uuid=7d3a2d6b-9b7a-4f2a-9e5e-0c9d6f1b1c01
03-14 14:39:21.848 25431 25444 D PresenceGattClient: DISCOVERED_CHAR addr=73:53:A5:D7:40:4B service=7d3a2d6b-9b7a-4f2a-9e5e-0c9d6f1b1c01 uuid=7d3a2d6b-9b7a-4f2a-9e5e-0c9d6f1b1c02
03-14 14:39:21.848 25431 25444 D PresenceGattClient: DISCOVERED_CHAR addr=73:53:A5:D7:40:4B service=7d3a2d6b-9b7a-4f2a-9e5e-0c9d6f1b1c01 uuid=7d3a2d6b-9b7a-4f2a-9e5e-0c9d6f1b1c03
03-14 14:39:21.849 25431 25444 D PresenceGattClient: DISCOVERED_CHAR addr=73:53:A5:D7:40:4B service=7d3a2d6b-9b7a-4f2a-9e5e-0c9d6f1b1c01 uuid=7d3a2d6b-9b7a-4f2a-9e5e-0c9d6f1b1c04
03-14 14:39:21.849 25431 25444 D PresenceGattClient: SERVICE_LOOKUP addr=73:53:A5:D7:40:4B serviceFound=true replyFound=true helloFound=true
03-14 14:39:21.927 25431 25444 D PresenceGattClient: CCCD_TX addr=73:53:A5:D7:40:4B status=0
03-14 14:39:21.936 25431 25444 D PresenceGattClient: HELLO_BUILD addr=73:53:A5:D7:40:4B mode=CBOR bytes=215 hash=e6e0ef1dc49aa9bfdbd42eb8a410093e26ba2d1d7690b61ad8913bc42ba8ef8e
03-14 14:39:21.936 25431 25444 D PresenceGattClient: HELLO_WRITE_REQUEST addr=73:53:A5:D7:40:4B writeType=1 bytes=215
03-14 14:39:21.944 25431 25444 D PresenceGattClient: HELLO_TX addr=73:53:A5:D7:40:4B status=0 bytes=215
03-14 14:39:21.944 25431 25444 E PresenceHandshake: PP_HANDSHAKE CHAR_WRITE peer=73:53:A5:D7:40:4B
03-14 14:39:22.074 25431 25444 D PresenceGattClient: REPLY_RX addr=73:53:A5:D7:40:4B bytes=311
03-14 14:39:22.090 25431 25444 E PresenceHandshake: PP_HANDSHAKE NOTIFY_RECEIVED peer=73:53:A5:D7:40:4B
03-14 14:39:22.090 25431 25444 E PresenceHandshake: PP_HANDSHAKE HANDSHAKE_COMPLETE peer=73:53:A5:D7:40:4B rewardPeer=753c88d3-9fad-4b79-b686-108683dbcc7e|e11fe125-bacf-4485-8ccd-d0c353a3f965
03-14 14:39:22.091 25431 25444 E PresenceHandshake: PP_SUPPRESS cooldown peer=753c88d3-9fad-4b79-b686-108683dbcc7e|e11fe125-bacf-4485-8ccd-d0c353a3f965 cooldownMs=27232
03-14 14:39:22.096 25431 25444 D PresenceGattClient: RESULT_TX addr=73:53:A5:D7:40:4B ok=true bytes=2
03-14 14:39:22.098 25431 25444 D PresenceGattClient: RESULT_TX addr=73:53:A5:D7:40:4B status=0
03-14 14:39:22.098 25431 25444 E PresenceGattClient: PP_HANDSHAKE HANDSHAKE_COMPLETE peer=73:53:A5:D7:40:4B
03-14 14:39:22.098 25431 25444 D PresenceGattClient: CLIENT_CLEANUP reason=handshake complete addr=73:53:A5:D7:40:4B
03-14 14:39:50.353 25431 25431 E PresenceHandshake: PP_HANDSHAKE CONNECT_START peer=73:53:A5:D7:40:4B
03-14 14:39:50.353 25431 25431 E PresenceHandshake: PP_CONFIG transportMode=CBOR ledgerCreditCooldownMs=300000
03-14 14:39:50.353 25431 25431 D PresenceGattClient: CLIENT_CONNECT addr=73:53:A5:D7:40:4B
03-14 14:39:51.160 25431 25444 D PresenceGattClient: CLIENT_STATE addr=73:53:A5:D7:40:4B status=0 newState=2
03-14 14:39:51.160 25431 25444 E PresenceHandshake: PP_HANDSHAKE GATT_CONNECTED peer=73:53:A5:D7:40:4B
03-14 14:39:51.165 25431 25444 D PresenceGattClient: REQUEST_MTU addr=73:53:A5:D7:40:4B ok=true requested=185
03-14 14:39:51.422 25431 25444 D PresenceGattClient: MTU_CHANGED addr=73:53:A5:D7:40:4B mtu=517 status=0
03-14 14:39:51.425 25431 25444 D PresenceGattClient: DISCOVER_SERVICES_AFTER_MTU addr=73:53:A5:D7:40:4B ok=true
03-14 14:39:51.430 25431 25444 E PresenceHandshake: PP_HANDSHAKE SERVICES_DISCOVERED peer=73:53:A5:D7:40:4B
03-14 14:39:51.430 25431 25444 D PresenceGattClient: DISCOVERED_SERVICE addr=73:53:A5:D7:40:4B uuid=00001801-0000-1000-8000-00805f9b34fb
03-14 14:39:51.431 25431 25444 D PresenceGattClient: DISCOVERED_CHAR addr=73:53:A5:D7:40:4B service=00001801-0000-1000-8000-00805f9b34fb uuid=00002a05-0000-1000-8000-00805f9b34fb
03-14 14:39:51.431 25431 25444 D PresenceGattClient: DISCOVERED_CHAR addr=73:53:A5:D7:40:4B service=00001801-0000-1000-8000-00805f9b34fb uuid=00002b3a-0000-1000-8000-00805f9b34fb
03-14 14:39:51.432 25431 25444 D PresenceGattClient: DISCOVERED_CHAR addr=73:53:A5:D7:40:4B service=00001801-0000-1000-8000-00805f9b34fb uuid=00002b29-0000-1000-8000-00805f9b34fb
03-14 14:39:51.432 25431 25444 D PresenceGattClient: DISCOVERED_CHAR addr=73:53:A5:D7:40:4B service=00001801-0000-1000-8000-00805f9b34fb uuid=00002b2a-0000-1000-8000-00805f9b34fb
03-14 14:39:51.432 25431 25444 D PresenceGattClient: DISCOVERED_SERVICE addr=73:53:A5:D7:40:4B uuid=00001800-0000-1000-8000-00805f9b34fb
03-14 14:39:51.432 25431 25444 D PresenceGattClient: DISCOVERED_CHAR addr=73:53:A5:D7:40:4B service=00001800-0000-1000-8000-00805f9b34fb uuid=00002a00-0000-1000-8000-00805f9b34fb
03-14 14:39:51.432 25431 25444 D PresenceGattClient: DISCOVERED_CHAR addr=73:53:A5:D7:40:4B service=00001800-0000-1000-8000-00805f9b34fb uuid=00002a01-0000-1000-8000-00805f9b34fb
03-14 14:39:51.433 25431 25444 D PresenceGattClient: DISCOVERED_CHAR addr=73:53:A5:D7:40:4B service=00001800-0000-1000-8000-00805f9b34fb uuid=00002aa6-0000-1000-8000-00805f9b34fb
03-14 14:39:51.433 25431 25444 D PresenceGattClient: DISCOVERED_SERVICE addr=73:53:A5:D7:40:4B uuid=594a34fc-31db-11ea-978f-2e728ce88125
03-14 14:39:51.433 25431 25444 D PresenceGattClient: DISCOVERED_CHAR addr=73:53:A5:D7:40:4B service=594a34fc-31db-11ea-978f-2e728ce88125 uuid=594a36e6-31db-11ea-978f-2e728ce88125
03-14 14:39:51.433 25431 25444 D PresenceGattClient: DISCOVERED_CHAR addr=73:53:A5:D7:40:4B service=594a34fc-31db-11ea-978f-2e728ce88125 uuid=594a3010-31db-11ea-978f-2e728ce88125
03-14 14:39:51.433 25431 25444 D PresenceGattClient: DISCOVERED_SERVICE addr=73:53:A5:D7:40:4B uuid=7d3a2d6b-9b7a-4f2a-9e5e-0c9d6f1b1c01
03-14 14:39:51.434 25431 25444 D PresenceGattClient: DISCOVERED_CHAR addr=73:53:A5:D7:40:4B service=7d3a2d6b-9b7a-4f2a-9e5e-0c9d6f1b1c01 uuid=7d3a2d6b-9b7a-4f2a-9e5e-0c9d6f1b1c02
03-14 14:39:51.434 25431 25444 D PresenceGattClient: DISCOVERED_CHAR addr=73:53:A5:D7:40:4B service=7d3a2d6b-9b7a-4f2a-9e5e-0c9d6f1b1c01 uuid=7d3a2d6b-9b7a-4f2a-9e5e-0c9d6f1b1c03
03-14 14:39:51.434 25431 25444 D PresenceGattClient: DISCOVERED_CHAR addr=73:53:A5:D7:40:4B service=7d3a2d6b-9b7a-4f2a-9e5e-0c9d6f1b1c01 uuid=7d3a2d6b-9b7a-4f2a-9e5e-0c9d6f1b1c04
03-14 14:39:51.434 25431 25444 D PresenceGattClient: SERVICE_LOOKUP addr=73:53:A5:D7:40:4B serviceFound=true replyFound=true helloFound=true
03-14 14:39:51.518 25431 25444 D PresenceGattClient: CCCD_TX addr=73:53:A5:D7:40:4B status=0
03-14 14:39:51.526 25431 25444 D PresenceGattClient: HELLO_BUILD addr=73:53:A5:D7:40:4B mode=CBOR bytes=215 hash=02eb2b6939c892df3628c3ac69dac037a5a61979c5b6a46f422824be0fb6e5d5
03-14 14:39:51.527 25431 25444 D PresenceGattClient: HELLO_WRITE_REQUEST addr=73:53:A5:D7:40:4B writeType=1 bytes=215
03-14 14:39:51.540 25431 25444 D PresenceGattClient: HELLO_TX addr=73:53:A5:D7:40:4B status=0 bytes=215
03-14 14:39:51.540 25431 25444 E PresenceHandshake: PP_HANDSHAKE CHAR_WRITE peer=73:53:A5:D7:40:4B
03-14 14:39:51.667 25431 25444 D PresenceGattClient: REPLY_RX addr=73:53:A5:D7:40:4B bytes=312
03-14 14:39:51.679 25431 25444 E PresenceHandshake: PP_HANDSHAKE NOTIFY_RECEIVED peer=73:53:A5:D7:40:4B
03-14 14:39:51.680 25431 25444 E PresenceHandshake: PP_HANDSHAKE HANDSHAKE_COMPLETE peer=73:53:A5:D7:40:4B rewardPeer=753c88d3-9fad-4b79-b686-108683dbcc7e|e11fe125-bacf-4485-8ccd-d0c353a3f965
03-14 14:39:51.682 25431 25444 E PresenceHandshake: PP_HANDSHAKE DEVICE_B_SIGNATURE peer=73:53:A5:D7:40:4B value=MEUCIQCat+njlp3EsAlJMJk9asVdZPIRD2PpCMmxhAWCFovtzAIgX6Xpb+2eU+y+C5Soxdw0A84qjgAfOb/dLyyWeUcpZWk=
03-14 14:39:51.685 25431 25444 E PresenceHandshake: PP_VERIFY deviceASignatureValid=true peer=73:53:A5:D7:40:4B
03-14 14:39:51.685 25431 25444 E PresenceHandshake: PP_VERIFY deviceBSignatureValid=true peer=73:53:A5:D7:40:4B
03-14 14:39:51.687 25431 25444 E PresenceHandshake: PP_TICKET GENERATED encounterId=0f643bed-3dec-43f9-4494-830914427d72 peer=753c88d3-9fad-4b79-b686-108683dbcc7e|e11fe125-bacf-4485-8ccd-d0c353a3f965
03-14 14:39:51.687 25431 25444 E PresenceHandshake: PP_TICKET JSON {"encounterId":"0f643bed-3dec-43f9-4494-830914427d72","deviceAEphemeralKey":"MFkwEwYHKoZIzj0CAQYIKoZIzj0DAQcDQgAEgFvLu+ZH792R4LIik4Jfl7UfL89DQ4eln509Fl6cilwrPp53JuVKtiKKhniX2BtnArnA6xg9krGDL1X6PnfjNQ==","deviceBEphemeralKey":"753c88d3-9fad-4b79-b686-108683dbcc7e|e11fe125-bacf-4485-8ccd-d0c353a3f965","helloHash":"02eb2b6939c892df3628c3ac69dac037a5a61979c5b6a46f422824be0fb6e5d5","replyHash":"5879e9b963edada9fff5906690b510fa933d6d10a74ea305e043b6c85e0253ed","handshakeTimestamp":1773452391680,"heartbeatId":118230159,"epochId":9852513,"heartbeatIndexInEpoch":3,"nonce":"299412e9-d914-4ff9-a075-810cb5fc052d","protocolVersion":"presence_v1","appVersion":"0.1-both","deviceASignature":"MEUCIAcZkW9lB4f14Wo+vahdEAivHtS7zyo+rjy2afYPaJJDAiEA3B8TTPa2qFvmi8+WyLxyuNDw0vA1EbVmtpTAVQkilUY=","deviceBSignature":"MEUCIQCat+njlp3EsAlJMJk9asVdZPIRD2PpCMmxhAWCFovtzAIgX6Xpb+2eU+y+C5Soxdw0A84qjgAfOb/dLyyWeUcpZWk="}
03-14 14:39:51.688 25431 25444 E PresenceHandshake: PP_TICKET_PERSISTED encounterId=0f643bed-3dec-43f9-4494-830914427d72 peer=753c88d3-9fad-4b79-b686-108683dbcc7e|e11fe125-bacf-4485-8ccd-d0c353a3f965 ok=true
03-14 14:39:51.690 25431 25444 D PresenceGattClient: RESULT_TX addr=73:53:A5:D7:40:4B ok=true bytes=2
03-14 14:39:51.693 25431 25444 D PresenceGattClient: RESULT_TX addr=73:53:A5:D7:40:4B status=0
03-14 14:39:51.693 25431 25444 E PresenceGattClient: PP_HANDSHAKE HANDSHAKE_COMPLETE peer=73:53:A5:D7:40:4B
03-14 14:39:51.693 25431 25444 D PresenceGattClient: CLIENT_CLEANUP reason=handshake complete addr=73:53:A5:D7:40:4B
03-14 14:41:52.063 25431 25431 E PresenceHandshake: PP_HANDSHAKE CONNECT_START peer=73:53:A5:D7:40:4B
03-14 14:41:52.063 25431 25431 E PresenceHandshake: PP_CONFIG transportMode=CBOR ledgerCreditCooldownMs=300000
03-14 14:41:52.063 25431 25431 D PresenceGattClient: CLIENT_CONNECT addr=73:53:A5:D7:40:4B
03-14 14:41:52.591 25431 25444 D PresenceGattClient: CLIENT_STATE addr=73:53:A5:D7:40:4B status=0 newState=2
03-14 14:41:52.591 25431 25444 E PresenceHandshake: PP_HANDSHAKE GATT_CONNECTED peer=73:53:A5:D7:40:4B
03-14 14:41:52.595 25431 25444 D PresenceGattClient: REQUEST_MTU addr=73:53:A5:D7:40:4B ok=true requested=185
03-14 14:41:52.863 25431 25444 D PresenceGattClient: MTU_CHANGED addr=73:53:A5:D7:40:4B mtu=517 status=0
03-14 14:41:52.868 25431 25444 D PresenceGattClient: DISCOVER_SERVICES_AFTER_MTU addr=73:53:A5:D7:40:4B ok=true
03-14 14:41:52.873 25431 25444 E PresenceHandshake: PP_HANDSHAKE SERVICES_DISCOVERED peer=73:53:A5:D7:40:4B
03-14 14:41:52.874 25431 25444 D PresenceGattClient: DISCOVERED_SERVICE addr=73:53:A5:D7:40:4B uuid=00001801-0000-1000-8000-00805f9b34fb
03-14 14:41:52.874 25431 25444 D PresenceGattClient: DISCOVERED_CHAR addr=73:53:A5:D7:40:4B service=00001801-0000-1000-8000-00805f9b34fb uuid=00002a05-0000-1000-8000-00805f9b34fb
03-14 14:41:52.875 25431 25444 D PresenceGattClient: DISCOVERED_CHAR addr=73:53:A5:D7:40:4B service=00001801-0000-1000-8000-00805f9b34fb uuid=00002b3a-0000-1000-8000-00805f9b34fb
03-14 14:41:52.875 25431 25444 D PresenceGattClient: DISCOVERED_CHAR addr=73:53:A5:D7:40:4B service=00001801-0000-1000-8000-00805f9b34fb uuid=00002b29-0000-1000-8000-00805f9b34fb
03-14 14:41:52.876 25431 25444 D PresenceGattClient: DISCOVERED_CHAR addr=73:53:A5:D7:40:4B service=00001801-0000-1000-8000-00805f9b34fb uuid=00002b2a-0000-1000-8000-00805f9b34fb
03-14 14:41:52.876 25431 25444 D PresenceGattClient: DISCOVERED_SERVICE addr=73:53:A5:D7:40:4B uuid=00001800-0000-1000-8000-00805f9b34fb
03-14 14:41:52.876 25431 25444 D PresenceGattClient: DISCOVERED_CHAR addr=73:53:A5:D7:40:4B service=00001800-0000-1000-8000-00805f9b34fb uuid=00002a00-0000-1000-8000-00805f9b34fb
03-14 14:41:52.877 25431 25444 D PresenceGattClient: DISCOVERED_CHAR addr=73:53:A5:D7:40:4B service=00001800-0000-1000-8000-00805f9b34fb uuid=00002a01-0000-1000-8000-00805f9b34fb
03-14 14:41:52.877 25431 25444 D PresenceGattClient: DISCOVERED_CHAR addr=73:53:A5:D7:40:4B service=00001800-0000-1000-8000-00805f9b34fb uuid=00002aa6-0000-1000-8000-00805f9b34fb
03-14 14:41:52.878 25431 25444 D PresenceGattClient: DISCOVERED_SERVICE addr=73:53:A5:D7:40:4B uuid=594a34fc-31db-11ea-978f-2e728ce88125
03-14 14:41:52.878 25431 25444 D PresenceGattClient: DISCOVERED_CHAR addr=73:53:A5:D7:40:4B service=594a34fc-31db-11ea-978f-2e728ce88125 uuid=594a36e6-31db-11ea-978f-2e728ce88125
03-14 14:41:52.878 25431 25444 D PresenceGattClient: DISCOVERED_CHAR addr=73:53:A5:D7:40:4B service=594a34fc-31db-11ea-978f-2e728ce88125 uuid=594a3010-31db-11ea-978f-2e728ce88125
03-14 14:41:52.879 25431 25444 D PresenceGattClient: DISCOVERED_SERVICE addr=73:53:A5:D7:40:4B uuid=7d3a2d6b-9b7a-4f2a-9e5e-0c9d6f1b1c01
03-14 14:41:52.879 25431 25444 D PresenceGattClient: DISCOVERED_CHAR addr=73:53:A5:D7:40:4B service=7d3a2d6b-9b7a-4f2a-9e5e-0c9d6f1b1c01 uuid=7d3a2d6b-9b7a-4f2a-9e5e-0c9d6f1b1c02
03-14 14:41:52.880 25431 25444 D PresenceGattClient: DISCOVERED_CHAR addr=73:53:A5:D7:40:4B service=7d3a2d6b-9b7a-4f2a-9e5e-0c9d6f1b1c01 uuid=7d3a2d6b-9b7a-4f2a-9e5e-0c9d6f1b1c03
03-14 14:41:52.880 25431 25444 D PresenceGattClient: DISCOVERED_CHAR addr=73:53:A5:D7:40:4B service=7d3a2d6b-9b7a-4f2a-9e5e-0c9d6f1b1c01 uuid=7d3a2d6b-9b7a-4f2a-9e5e-0c9d6f1b1c04
03-14 14:41:52.880 25431 25444 D PresenceGattClient: SERVICE_LOOKUP addr=73:53:A5:D7:40:4B serviceFound=true replyFound=true helloFound=true
03-14 14:41:52.956 25431 25444 D PresenceGattClient: CCCD_TX addr=73:53:A5:D7:40:4B status=0
03-14 14:41:52.966 25431 25444 D PresenceGattClient: HELLO_BUILD addr=73:53:A5:D7:40:4B mode=CBOR bytes=215 hash=52e1c3510bc572215bf231ee9b7ada90bade3f3fa1c1c66573c080460af0c034
03-14 14:41:52.966 25431 25444 D PresenceGattClient: HELLO_WRITE_REQUEST addr=73:53:A5:D7:40:4B writeType=1 bytes=215
03-14 14:41:52.974 25431 25444 D PresenceGattClient: HELLO_TX addr=73:53:A5:D7:40:4B status=0 bytes=215
03-14 14:41:52.974 25431 25444 E PresenceHandshake: PP_HANDSHAKE CHAR_WRITE peer=73:53:A5:D7:40:4B
03-14 14:41:53.156 25431 25444 D PresenceGattClient: REPLY_RX addr=73:53:A5:D7:40:4B bytes=311
03-14 14:41:53.172 25431 25444 E PresenceHandshake: PP_HANDSHAKE NOTIFY_RECEIVED peer=73:53:A5:D7:40:4B
03-14 14:41:53.173 25431 25444 E PresenceHandshake: PP_HANDSHAKE HANDSHAKE_COMPLETE peer=73:53:A5:D7:40:4B rewardPeer=753c88d3-9fad-4b79-b686-108683dbcc7e|e11fe125-bacf-4485-8ccd-d0c353a3f965
03-14 14:41:53.173 25431 25444 E PresenceHandshake: PP_SUPPRESS cooldown peer=753c88d3-9fad-4b79-b686-108683dbcc7e|e11fe125-bacf-4485-8ccd-d0c353a3f965 cooldownMs=178507
03-14 14:41:53.177 25431 25444 D PresenceGattClient: RESULT_TX addr=73:53:A5:D7:40:4B ok=true bytes=2
03-14 14:41:53.178 25431 25444 D PresenceGattClient: RESULT_TX addr=73:53:A5:D7:40:4B status=0
03-14 14:41:53.178 25431 25444 E PresenceGattClient: PP_HANDSHAKE HANDSHAKE_COMPLETE peer=73:53:A5:D7:40:4B
03-14 14:41:53.179 25431 25444 D PresenceGattClient: CLIENT_CLEANUP reason=handshake complete addr=73:53:A5:D7:40:4B
03-14 14:42:24.118 25431 25431 E PresenceHandshake: PP_HANDSHAKE CONNECT_START peer=73:53:A5:D7:40:4B
03-14 14:42:24.118 25431 25431 E PresenceHandshake: PP_CONFIG transportMode=CBOR ledgerCreditCooldownMs=300000
03-14 14:42:24.119 25431 25431 D PresenceGattClient: CLIENT_CONNECT addr=73:53:A5:D7:40:4B
03-14 14:42:24.627 25431 25444 D PresenceGattClient: CLIENT_STATE addr=73:53:A5:D7:40:4B status=0 newState=2
03-14 14:42:24.627 25431 25444 E PresenceHandshake: PP_HANDSHAKE GATT_CONNECTED peer=73:53:A5:D7:40:4B
03-14 14:42:24.633 25431 25444 D PresenceGattClient: REQUEST_MTU addr=73:53:A5:D7:40:4B ok=true requested=185
03-14 14:42:24.893 25431 25444 D PresenceGattClient: MTU_CHANGED addr=73:53:A5:D7:40:4B mtu=517 status=0
03-14 14:42:24.898 25431 25444 D PresenceGattClient: DISCOVER_SERVICES_AFTER_MTU addr=73:53:A5:D7:40:4B ok=true
03-14 14:42:24.904 25431 25444 E PresenceHandshake: PP_HANDSHAKE SERVICES_DISCOVERED peer=73:53:A5:D7:40:4B
03-14 14:42:24.904 25431 25444 D PresenceGattClient: DISCOVERED_SERVICE addr=73:53:A5:D7:40:4B uuid=00001801-0000-1000-8000-00805f9b34fb
03-14 14:42:24.905 25431 25444 D PresenceGattClient: DISCOVERED_CHAR addr=73:53:A5:D7:40:4B service=00001801-0000-1000-8000-00805f9b34fb uuid=00002a05-0000-1000-8000-00805f9b34fb
03-14 14:42:24.905 25431 25444 D PresenceGattClient: DISCOVERED_CHAR addr=73:53:A5:D7:40:4B service=00001801-0000-1000-8000-00805f9b34fb uuid=00002b3a-0000-1000-8000-00805f9b34fb
03-14 14:42:24.906 25431 25444 D PresenceGattClient: DISCOVERED_CHAR addr=73:53:A5:D7:40:4B service=00001801-0000-1000-8000-00805f9b34fb uuid=00002b29-0000-1000-8000-00805f9b34fb
03-14 14:42:24.906 25431 25444 D PresenceGattClient: DISCOVERED_CHAR addr=73:53:A5:D7:40:4B service=00001801-0000-1000-8000-00805f9b34fb uuid=00002b2a-0000-1000-8000-00805f9b34fb
03-14 14:42:24.906 25431 25444 D PresenceGattClient: DISCOVERED_SERVICE addr=73:53:A5:D7:40:4B uuid=00001800-0000-1000-8000-00805f9b34fb
03-14 14:42:24.907 25431 25444 D PresenceGattClient: DISCOVERED_CHAR addr=73:53:A5:D7:40:4B service=00001800-0000-1000-8000-00805f9b34fb uuid=00002a00-0000-1000-8000-00805f9b34fb
03-14 14:42:24.907 25431 25444 D PresenceGattClient: DISCOVERED_CHAR addr=73:53:A5:D7:40:4B service=00001800-0000-1000-8000-00805f9b34fb uuid=00002a01-0000-1000-8000-00805f9b34fb
03-14 14:42:24.908 25431 25444 D PresenceGattClient: DISCOVERED_CHAR addr=73:53:A5:D7:40:4B service=00001800-0000-1000-8000-00805f9b34fb uuid=00002aa6-0000-1000-8000-00805f9b34fb
03-14 14:42:24.908 25431 25444 D PresenceGattClient: DISCOVERED_SERVICE addr=73:53:A5:D7:40:4B uuid=594a34fc-31db-11ea-978f-2e728ce88125
03-14 14:42:24.908 25431 25444 D PresenceGattClient: DISCOVERED_CHAR addr=73:53:A5:D7:40:4B service=594a34fc-31db-11ea-978f-2e728ce88125 uuid=594a36e6-31db-11ea-978f-2e728ce88125
03-14 14:42:24.909 25431 25444 D PresenceGattClient: DISCOVERED_CHAR addr=73:53:A5:D7:40:4B service=594a34fc-31db-11ea-978f-2e728ce88125 uuid=594a3010-31db-11ea-978f-2e728ce88125
03-14 14:42:24.909 25431 25444 D PresenceGattClient: DISCOVERED_SERVICE addr=73:53:A5:D7:40:4B uuid=7d3a2d6b-9b7a-4f2a-9e5e-0c9d6f1b1c01
03-14 14:42:24.910 25431 25444 D PresenceGattClient: DISCOVERED_CHAR addr=73:53:A5:D7:40:4B service=7d3a2d6b-9b7a-4f2a-9e5e-0c9d6f1b1c01 uuid=7d3a2d6b-9b7a-4f2a-9e5e-0c9d6f1b1c02
03-14 14:42:24.910 25431 25444 D PresenceGattClient: DISCOVERED_CHAR addr=73:53:A5:D7:40:4B service=7d3a2d6b-9b7a-4f2a-9e5e-0c9d6f1b1c01 uuid=7d3a2d6b-9b7a-4f2a-9e5e-0c9d6f1b1c03
03-14 14:42:24.910 25431 25444 D PresenceGattClient: DISCOVERED_CHAR addr=73:53:A5:D7:40:4B service=7d3a2d6b-9b7a-4f2a-9e5e-0c9d6f1b1c01 uuid=7d3a2d6b-9b7a-4f2a-9e5e-0c9d6f1b1c04
03-14 14:42:24.911 25431 25444 D PresenceGattClient: SERVICE_LOOKUP addr=73:53:A5:D7:40:4B serviceFound=true replyFound=true helloFound=true
03-14 14:42:24.987 25431 25444 D PresenceGattClient: CCCD_TX addr=73:53:A5:D7:40:4B status=0
03-14 14:42:24.993 25431 25444 D PresenceGattClient: HELLO_BUILD addr=73:53:A5:D7:40:4B mode=CBOR bytes=215 hash=4abff29a397503b9e498fb2b53c3dbe09b7a01c1ef785eed3d57eac7c31aa6ca
03-14 14:42:24.994 25431 25444 D PresenceGattClient: HELLO_WRITE_REQUEST addr=73:53:A5:D7:40:4B writeType=1 bytes=215
03-14 14:42:25.001 25431 25444 D PresenceGattClient: HELLO_TX addr=73:53:A5:D7:40:4B status=0 bytes=215
03-14 14:42:25.001 25431 25444 E PresenceHandshake: PP_HANDSHAKE CHAR_WRITE peer=73:53:A5:D7:40:4B
03-14 14:42:25.137 25431 25444 D PresenceGattClient: REPLY_RX addr=73:53:A5:D7:40:4B bytes=312
03-14 14:42:25.153 25431 25444 E PresenceHandshake: PP_HANDSHAKE NOTIFY_RECEIVED peer=73:53:A5:D7:40:4B
03-14 14:42:25.153 25431 25444 E PresenceHandshake: PP_HANDSHAKE HANDSHAKE_COMPLETE peer=73:53:A5:D7:40:4B rewardPeer=753c88d3-9fad-4b79-b686-108683dbcc7e|e11fe125-bacf-4485-8ccd-d0c353a3f965
03-14 14:42:25.154 25431 25444 E PresenceHandshake: PP_SUPPRESS cooldown peer=753c88d3-9fad-4b79-b686-108683dbcc7e|e11fe125-bacf-4485-8ccd-d0c353a3f965 cooldownMs=146526
03-14 14:42:25.157 25431 25444 D PresenceGattClient: RESULT_TX addr=73:53:A5:D7:40:4B ok=true bytes=2
03-14 14:42:25.159 25431 25444 D PresenceGattClient: RESULT_TX addr=73:53:A5:D7:40:4B status=0
03-14 14:42:25.159 25431 25444 E PresenceGattClient: PP_HANDSHAKE HANDSHAKE_COMPLETE peer=73:53:A5:D7:40:4B
03-14 14:42:25.159 25431 25444 D PresenceGattClient: CLIENT_CLEANUP reason=handshake complete addr=73:53:A5:D7:40:4B
03-14 14:42:54.341 25431 25431 E PresenceHandshake: PP_HANDSHAKE CONNECT_START peer=73:53:A5:D7:40:4B
03-14 14:42:54.341 25431 25431 E PresenceHandshake: PP_CONFIG transportMode=CBOR ledgerCreditCooldownMs=300000
03-14 14:42:54.342 25431 25431 D PresenceGattClient: CLIENT_CONNECT addr=73:53:A5:D7:40:4B
03-14 14:42:54.705 25431 25444 D PresenceGattClient: CLIENT_STATE addr=73:53:A5:D7:40:4B status=0 newState=2
03-14 14:42:54.706 25431 25444 E PresenceHandshake: PP_HANDSHAKE GATT_CONNECTED peer=73:53:A5:D7:40:4B
03-14 14:42:54.709 25431 25444 D PresenceGattClient: REQUEST_MTU addr=73:53:A5:D7:40:4B ok=true requested=185
03-14 14:42:54.970 25431 25444 D PresenceGattClient: MTU_CHANGED addr=73:53:A5:D7:40:4B mtu=517 status=0
03-14 14:42:54.984 25431 25444 D PresenceGattClient: DISCOVER_SERVICES_AFTER_MTU addr=73:53:A5:D7:40:4B ok=true
03-14 14:42:54.987 25431 25444 E PresenceHandshake: PP_HANDSHAKE SERVICES_DISCOVERED peer=73:53:A5:D7:40:4B
03-14 14:42:54.988 25431 25444 D PresenceGattClient: DISCOVERED_SERVICE addr=73:53:A5:D7:40:4B uuid=00001801-0000-1000-8000-00805f9b34fb
03-14 14:42:54.988 25431 25444 D PresenceGattClient: DISCOVERED_CHAR addr=73:53:A5:D7:40:4B service=00001801-0000-1000-8000-00805f9b34fb uuid=00002a05-0000-1000-8000-00805f9b34fb
03-14 14:42:54.988 25431 25444 D PresenceGattClient: DISCOVERED_CHAR addr=73:53:A5:D7:40:4B service=00001801-0000-1000-8000-00805f9b34fb uuid=00002b3a-0000-1000-8000-00805f9b34fb
03-14 14:42:54.988 25431 25444 D PresenceGattClient: DISCOVERED_CHAR addr=73:53:A5:D7:40:4B service=00001801-0000-1000-8000-00805f9b34fb uuid=00002b29-0000-1000-8000-00805f9b34fb
03-14 14:42:54.989 25431 25444 D PresenceGattClient: DISCOVERED_CHAR addr=73:53:A5:D7:40:4B service=00001801-0000-1000-8000-00805f9b34fb uuid=00002b2a-0000-1000-8000-00805f9b34fb
03-14 14:42:54.989 25431 25444 D PresenceGattClient: DISCOVERED_SERVICE addr=73:53:A5:D7:40:4B uuid=00001800-0000-1000-8000-00805f9b34fb
03-14 14:42:54.989 25431 25444 D PresenceGattClient: DISCOVERED_CHAR addr=73:53:A5:D7:40:4B service=00001800-0000-1000-8000-00805f9b34fb uuid=00002a00-0000-1000-8000-00805f9b34fb
03-14 14:42:54.989 25431 25444 D PresenceGattClient: DISCOVERED_CHAR addr=73:53:A5:D7:40:4B service=00001800-0000-1000-8000-00805f9b34fb uuid=00002a01-0000-1000-8000-00805f9b34fb
03-14 14:42:54.990 25431 25444 D PresenceGattClient: DISCOVERED_CHAR addr=73:53:A5:D7:40:4B service=00001800-0000-1000-8000-00805f9b34fb uuid=00002aa6-0000-1000-8000-00805f9b34fb
03-14 14:42:54.990 25431 25444 D PresenceGattClient: DISCOVERED_SERVICE addr=73:53:A5:D7:40:4B uuid=594a34fc-31db-11ea-978f-2e728ce88125
03-14 14:42:54.990 25431 25444 D PresenceGattClient: DISCOVERED_CHAR addr=73:53:A5:D7:40:4B service=594a34fc-31db-11ea-978f-2e728ce88125 uuid=594a36e6-31db-11ea-978f-2e728ce88125
03-14 14:42:54.990 25431 25444 D PresenceGattClient: DISCOVERED_CHAR addr=73:53:A5:D7:40:4B service=594a34fc-31db-11ea-978f-2e728ce88125 uuid=594a3010-31db-11ea-978f-2e728ce88125
03-14 14:42:54.990 25431 25444 D PresenceGattClient: DISCOVERED_SERVICE addr=73:53:A5:D7:40:4B uuid=7d3a2d6b-9b7a-4f2a-9e5e-0c9d6f1b1c01
03-14 14:42:54.991 25431 25444 D PresenceGattClient: DISCOVERED_CHAR addr=73:53:A5:D7:40:4B service=7d3a2d6b-9b7a-4f2a-9e5e-0c9d6f1b1c01 uuid=7d3a2d6b-9b7a-4f2a-9e5e-0c9d6f1b1c02
03-14 14:42:54.991 25431 25444 D PresenceGattClient: DISCOVERED_CHAR addr=73:53:A5:D7:40:4B service=7d3a2d6b-9b7a-4f2a-9e5e-0c9d6f1b1c01 uuid=7d3a2d6b-9b7a-4f2a-9e5e-0c9d6f1b1c03
03-14 14:42:54.991 25431 25444 D PresenceGattClient: DISCOVERED_CHAR addr=73:53:A5:D7:40:4B service=7d3a2d6b-9b7a-4f2a-9e5e-0c9d6f1b1c01 uuid=7d3a2d6b-9b7a-4f2a-9e5e-0c9d6f1b1c04
03-14 14:42:54.991 25431 25444 D PresenceGattClient: SERVICE_LOOKUP addr=73:53:A5:D7:40:4B serviceFound=true replyFound=true helloFound=true
03-14 14:42:55.064 25431 25444 D PresenceGattClient: CCCD_TX addr=73:53:A5:D7:40:4B status=0
03-14 14:42:55.072 25431 25444 D PresenceGattClient: HELLO_BUILD addr=73:53:A5:D7:40:4B mode=CBOR bytes=215 hash=956d303c8dd18280a55268e43210e25381cdc9da9839b80ca3bce5e5bac6e36c
03-14 14:42:55.073 25431 25444 D PresenceGattClient: HELLO_WRITE_REQUEST addr=73:53:A5:D7:40:4B writeType=1 bytes=215
03-14 14:42:55.079 25431 25444 D PresenceGattClient: HELLO_TX addr=73:53:A5:D7:40:4B status=0 bytes=215
03-14 14:42:55.080 25431 25444 E PresenceHandshake: PP_HANDSHAKE CHAR_WRITE peer=73:53:A5:D7:40:4B
03-14 14:42:55.217 25431 25444 D PresenceGattClient: REPLY_RX addr=73:53:A5:D7:40:4B bytes=311
03-14 14:42:55.232 25431 25444 E PresenceHandshake: PP_HANDSHAKE NOTIFY_RECEIVED peer=73:53:A5:D7:40:4B
03-14 14:42:55.233 25431 25444 E PresenceHandshake: PP_HANDSHAKE HANDSHAKE_COMPLETE peer=73:53:A5:D7:40:4B rewardPeer=753c88d3-9fad-4b79-b686-108683dbcc7e|e11fe125-bacf-4485-8ccd-d0c353a3f965
03-14 14:42:55.234 25431 25444 E PresenceHandshake: PP_SUPPRESS cooldown peer=753c88d3-9fad-4b79-b686-108683dbcc7e|e11fe125-bacf-4485-8ccd-d0c353a3f965 cooldownMs=116446
03-14 14:42:55.237 25431 25444 D PresenceGattClient: RESULT_TX addr=73:53:A5:D7:40:4B ok=true bytes=2
03-14 14:42:55.240 25431 25444 D PresenceGattClient: RESULT_TX addr=73:53:A5:D7:40:4B status=0
03-14 14:42:55.240 25431 25444 E PresenceGattClient: PP_HANDSHAKE HANDSHAKE_COMPLETE peer=73:53:A5:D7:40:4B
03-14 14:42:55.240 25431 25444 D PresenceGattClient: CLIENT_CLEANUP reason=handshake complete addr=73:53:A5:D7:40:4B
03-14 14:43:24.370 25431 25431 E PresenceHandshake: PP_HANDSHAKE CONNECT_START peer=73:53:A5:D7:40:4B
03-14 14:43:24.370 25431 25431 E PresenceHandshake: PP_CONFIG transportMode=CBOR ledgerCreditCooldownMs=300000
03-14 14:43:24.370 25431 25431 D PresenceGattClient: CLIENT_CONNECT addr=73:53:A5:D7:40:4B
03-14 14:43:24.884 25431 25444 D PresenceGattClient: CLIENT_STATE addr=73:53:A5:D7:40:4B status=0 newState=2
03-14 14:43:24.884 25431 25444 E PresenceHandshake: PP_HANDSHAKE GATT_CONNECTED peer=73:53:A5:D7:40:4B
03-14 14:43:24.888 25431 25444 D PresenceGattClient: REQUEST_MTU addr=73:53:A5:D7:40:4B ok=true requested=185
03-14 14:43:25.147 25431 25444 D PresenceGattClient: MTU_CHANGED addr=73:53:A5:D7:40:4B mtu=517 status=0
03-14 14:43:25.149 25431 25444 D PresenceGattClient: DISCOVER_SERVICES_AFTER_MTU addr=73:53:A5:D7:40:4B ok=true
03-14 14:43:25.152 25431 25444 E PresenceHandshake: PP_HANDSHAKE SERVICES_DISCOVERED peer=73:53:A5:D7:40:4B
03-14 14:43:25.152 25431 25444 D PresenceGattClient: DISCOVERED_SERVICE addr=73:53:A5:D7:40:4B uuid=00001801-0000-1000-8000-00805f9b34fb
03-14 14:43:25.153 25431 25444 D PresenceGattClient: DISCOVERED_CHAR addr=73:53:A5:D7:40:4B service=00001801-0000-1000-8000-00805f9b34fb uuid=00002a05-0000-1000-8000-00805f9b34fb
03-14 14:43:25.153 25431 25444 D PresenceGattClient: DISCOVERED_CHAR addr=73:53:A5:D7:40:4B service=00001801-0000-1000-8000-00805f9b34fb uuid=00002b3a-0000-1000-8000-00805f9b34fb
03-14 14:43:25.153 25431 25444 D PresenceGattClient: DISCOVERED_CHAR addr=73:53:A5:D7:40:4B service=00001801-0000-1000-8000-00805f9b34fb uuid=00002b29-0000-1000-8000-00805f9b34fb
03-14 14:43:25.154 25431 25444 D PresenceGattClient: DISCOVERED_CHAR addr=73:53:A5:D7:40:4B service=00001801-0000-1000-8000-00805f9b34fb uuid=00002b2a-0000-1000-8000-00805f9b34fb
03-14 14:43:25.154 25431 25444 D PresenceGattClient: DISCOVERED_SERVICE addr=73:53:A5:D7:40:4B uuid=00001800-0000-1000-8000-00805f9b34fb
03-14 14:43:25.154 25431 25444 D PresenceGattClient: DISCOVERED_CHAR addr=73:53:A5:D7:40:4B service=00001800-0000-1000-8000-00805f9b34fb uuid=00002a00-0000-1000-8000-00805f9b34fb
03-14 14:43:25.154 25431 25444 D PresenceGattClient: DISCOVERED_CHAR addr=73:53:A5:D7:40:4B service=00001800-0000-1000-8000-00805f9b34fb uuid=00002a01-0000-1000-8000-00805f9b34fb
03-14 14:43:25.155 25431 25444 D PresenceGattClient: DISCOVERED_CHAR addr=73:53:A5:D7:40:4B service=00001800-0000-1000-8000-00805f9b34fb uuid=00002aa6-0000-1000-8000-00805f9b34fb
03-14 14:43:25.156 25431 25444 D PresenceGattClient: DISCOVERED_SERVICE addr=73:53:A5:D7:40:4B uuid=594a34fc-31db-11ea-978f-2e728ce88125
03-14 14:43:25.157 25431 25444 D PresenceGattClient: DISCOVERED_CHAR addr=73:53:A5:D7:40:4B service=594a34fc-31db-11ea-978f-2e728ce88125 uuid=594a36e6-31db-11ea-978f-2e728ce88125
03-14 14:43:25.157 25431 25444 D PresenceGattClient: DISCOVERED_CHAR addr=73:53:A5:D7:40:4B service=594a34fc-31db-11ea-978f-2e728ce88125 uuid=594a3010-31db-11ea-978f-2e728ce88125
03-14 14:43:25.158 25431 25444 D PresenceGattClient: DISCOVERED_SERVICE addr=73:53:A5:D7:40:4B uuid=7d3a2d6b-9b7a-4f2a-9e5e-0c9d6f1b1c01
03-14 14:43:25.158 25431 25444 D PresenceGattClient: DISCOVERED_CHAR addr=73:53:A5:D7:40:4B service=7d3a2d6b-9b7a-4f2a-9e5e-0c9d6f1b1c01 uuid=7d3a2d6b-9b7a-4f2a-9e5e-0c9d6f1b1c02
03-14 14:43:25.159 25431 25444 D PresenceGattClient: DISCOVERED_CHAR addr=73:53:A5:D7:40:4B service=7d3a2d6b-9b7a-4f2a-9e5e-0c9d6f1b1c01 uuid=7d3a2d6b-9b7a-4f2a-9e5e-0c9d6f1b1c03
03-14 14:43:25.160 25431 25444 D PresenceGattClient: DISCOVERED_CHAR addr=73:53:A5:D7:40:4B service=7d3a2d6b-9b7a-4f2a-9e5e-0c9d6f1b1c01 uuid=7d3a2d6b-9b7a-4f2a-9e5e-0c9d6f1b1c04
03-14 14:43:25.160 25431 25444 D PresenceGattClient: SERVICE_LOOKUP addr=73:53:A5:D7:40:4B serviceFound=true replyFound=true helloFound=true
03-14 14:43:25.242 25431 25444 D PresenceGattClient: CCCD_TX addr=73:53:A5:D7:40:4B status=0
03-14 14:43:25.248 25431 25444 D PresenceGattClient: HELLO_BUILD addr=73:53:A5:D7:40:4B mode=CBOR bytes=215 hash=967e42b2522d273500df669fc0c07cc4070db54824db8a19241f51081f0c6fd9
03-14 14:43:25.249 25431 25444 D PresenceGattClient: HELLO_WRITE_REQUEST addr=73:53:A5:D7:40:4B writeType=1 bytes=215
03-14 14:43:25.260 25431 25444 D PresenceGattClient: HELLO_TX addr=73:53:A5:D7:40:4B status=0 bytes=215
03-14 14:43:25.260 25431 25444 E PresenceHandshake: PP_HANDSHAKE CHAR_WRITE peer=73:53:A5:D7:40:4B
03-14 14:43:25.343 25431 25444 D PresenceGattClient: REPLY_RX addr=73:53:A5:D7:40:4B bytes=312
03-14 14:43:25.357 25431 25444 E PresenceHandshake: PP_HANDSHAKE NOTIFY_RECEIVED peer=73:53:A5:D7:40:4B
03-14 14:43:25.357 25431 25444 E PresenceHandshake: PP_HANDSHAKE HANDSHAKE_COMPLETE peer=73:53:A5:D7:40:4B rewardPeer=753c88d3-9fad-4b79-b686-108683dbcc7e|e11fe125-bacf-4485-8ccd-d0c353a3f965
03-14 14:43:25.357 25431 25444 E PresenceHandshake: PP_SUPPRESS cooldown peer=753c88d3-9fad-4b79-b686-108683dbcc7e|e11fe125-bacf-4485-8ccd-d0c353a3f965 cooldownMs=86322
03-14 14:43:25.361 25431 25444 D PresenceGattClient: RESULT_TX addr=73:53:A5:D7:40:4B ok=true bytes=2
03-14 14:43:25.363 25431 25444 D PresenceGattClient: RESULT_TX addr=73:53:A5:D7:40:4B status=0
03-14 14:43:25.363 25431 25444 E PresenceGattClient: PP_HANDSHAKE HANDSHAKE_COMPLETE peer=73:53:A5:D7:40:4B
03-14 14:43:25.363 25431 25444 D PresenceGattClient: CLIENT_CLEANUP reason=handshake complete addr=73:53:A5:D7:40:4B
03-14 14:43:54.686 25431 25431 E PresenceHandshake: PP_HANDSHAKE CONNECT_START peer=73:53:A5:D7:40:4B
03-14 14:43:54.686 25431 25431 E PresenceHandshake: PP_CONFIG transportMode=CBOR ledgerCreditCooldownMs=300000
03-14 14:43:54.686 25431 25431 D PresenceGattClient: CLIENT_CONNECT addr=73:53:A5:D7:40:4B
03-14 14:43:55.493 25431 25444 D PresenceGattClient: CLIENT_STATE addr=73:53:A5:D7:40:4B status=0 newState=2
03-14 14:43:55.493 25431 25444 E PresenceHandshake: PP_HANDSHAKE GATT_CONNECTED peer=73:53:A5:D7:40:4B
03-14 14:43:55.497 25431 25444 D PresenceGattClient: REQUEST_MTU addr=73:53:A5:D7:40:4B ok=true requested=185
03-14 14:43:55.764 25431 25444 D PresenceGattClient: MTU_CHANGED addr=73:53:A5:D7:40:4B mtu=517 status=0
03-14 14:43:55.767 25431 25444 D PresenceGattClient: DISCOVER_SERVICES_AFTER_MTU addr=73:53:A5:D7:40:4B ok=true
03-14 14:43:55.773 25431 25444 E PresenceHandshake: PP_HANDSHAKE SERVICES_DISCOVERED peer=73:53:A5:D7:40:4B
03-14 14:43:55.774 25431 25444 D PresenceGattClient: DISCOVERED_SERVICE addr=73:53:A5:D7:40:4B uuid=00001801-0000-1000-8000-00805f9b34fb
03-14 14:43:55.775 25431 25444 D PresenceGattClient: DISCOVERED_CHAR addr=73:53:A5:D7:40:4B service=00001801-0000-1000-8000-00805f9b34fb uuid=00002a05-0000-1000-8000-00805f9b34fb
03-14 14:43:55.776 25431 25444 D PresenceGattClient: DISCOVERED_CHAR addr=73:53:A5:D7:40:4B service=00001801-0000-1000-8000-00805f9b34fb uuid=00002b3a-0000-1000-8000-00805f9b34fb
03-14 14:43:55.777 25431 25444 D PresenceGattClient: DISCOVERED_CHAR addr=73:53:A5:D7:40:4B service=00001801-0000-1000-8000-00805f9b34fb uuid=00002b29-0000-1000-8000-00805f9b34fb
03-14 14:43:55.777 25431 25444 D PresenceGattClient: DISCOVERED_CHAR addr=73:53:A5:D7:40:4B service=00001801-0000-1000-8000-00805f9b34fb uuid=00002b2a-0000-1000-8000-00805f9b34fb
03-14 14:43:55.778 25431 25444 D PresenceGattClient: DISCOVERED_SERVICE addr=73:53:A5:D7:40:4B uuid=00001800-0000-1000-8000-00805f9b34fb
03-14 14:43:55.779 25431 25444 D PresenceGattClient: DISCOVERED_CHAR addr=73:53:A5:D7:40:4B service=00001800-0000-1000-8000-00805f9b34fb uuid=00002a00-0000-1000-8000-00805f9b34fb
03-14 14:43:55.779 25431 25444 D PresenceGattClient: DISCOVERED_CHAR addr=73:53:A5:D7:40:4B service=00001800-0000-1000-8000-00805f9b34fb uuid=00002a01-0000-1000-8000-00805f9b34fb
03-14 14:43:55.780 25431 25444 D PresenceGattClient: DISCOVERED_CHAR addr=73:53:A5:D7:40:4B service=00001800-0000-1000-8000-00805f9b34fb uuid=00002aa6-0000-1000-8000-00805f9b34fb
03-14 14:43:55.780 25431 25444 D PresenceGattClient: DISCOVERED_SERVICE addr=73:53:A5:D7:40:4B uuid=594a34fc-31db-11ea-978f-2e728ce88125
03-14 14:43:55.781 25431 25444 D PresenceGattClient: DISCOVERED_CHAR addr=73:53:A5:D7:40:4B service=594a34fc-31db-11ea-978f-2e728ce88125 uuid=594a36e6-31db-11ea-978f-2e728ce88125
03-14 14:43:55.781 25431 25444 D PresenceGattClient: DISCOVERED_CHAR addr=73:53:A5:D7:40:4B service=594a34fc-31db-11ea-978f-2e728ce88125 uuid=594a3010-31db-11ea-978f-2e728ce88125
03-14 14:43:55.782 25431 25444 D PresenceGattClient: DISCOVERED_SERVICE addr=73:53:A5:D7:40:4B uuid=7d3a2d6b-9b7a-4f2a-9e5e-0c9d6f1b1c01
03-14 14:43:55.782 25431 25444 D PresenceGattClient: DISCOVERED_CHAR addr=73:53:A5:D7:40:4B service=7d3a2d6b-9b7a-4f2a-9e5e-0c9d6f1b1c01 uuid=7d3a2d6b-9b7a-4f2a-9e5e-0c9d6f1b1c02
03-14 14:43:55.783 25431 25444 D PresenceGattClient: DISCOVERED_CHAR addr=73:53:A5:D7:40:4B service=7d3a2d6b-9b7a-4f2a-9e5e-0c9d6f1b1c01 uuid=7d3a2d6b-9b7a-4f2a-9e5e-0c9d6f1b1c03
03-14 14:43:55.783 25431 25444 D PresenceGattClient: DISCOVERED_CHAR addr=73:53:A5:D7:40:4B service=7d3a2d6b-9b7a-4f2a-9e5e-0c9d6f1b1c01 uuid=7d3a2d6b-9b7a-4f2a-9e5e-0c9d6f1b1c04
03-14 14:43:55.783 25431 25444 D PresenceGattClient: SERVICE_LOOKUP addr=73:53:A5:D7:40:4B serviceFound=true replyFound=true helloFound=true
03-14 14:43:55.860 25431 25444 D PresenceGattClient: CCCD_TX addr=73:53:A5:D7:40:4B status=0
03-14 14:43:55.866 25431 25444 D PresenceGattClient: HELLO_BUILD addr=73:53:A5:D7:40:4B mode=CBOR bytes=215 hash=72aa2688778bbfc26f4c1c64105a641f1d326c23d5ce5672ecaa6037d5ccddf0
03-14 14:43:55.867 25431 25444 D PresenceGattClient: HELLO_WRITE_REQUEST addr=73:53:A5:D7:40:4B writeType=1 bytes=215
03-14 14:43:55.873 25431 25444 D PresenceGattClient: HELLO_TX addr=73:53:A5:D7:40:4B status=0 bytes=215
03-14 14:43:55.873 25431 25444 E PresenceHandshake: PP_HANDSHAKE CHAR_WRITE peer=73:53:A5:D7:40:4B
03-14 14:43:56.010 25431 25444 D PresenceGattClient: REPLY_RX addr=73:53:A5:D7:40:4B bytes=313
03-14 14:43:56.025 25431 25444 E PresenceHandshake: PP_HANDSHAKE NOTIFY_RECEIVED peer=73:53:A5:D7:40:4B
03-14 14:43:56.025 25431 25444 E PresenceHandshake: PP_HANDSHAKE HANDSHAKE_COMPLETE peer=73:53:A5:D7:40:4B rewardPeer=753c88d3-9fad-4b79-b686-108683dbcc7e|e11fe125-bacf-4485-8ccd-d0c353a3f965
03-14 14:43:56.026 25431 25444 E PresenceHandshake: PP_SUPPRESS cooldown peer=753c88d3-9fad-4b79-b686-108683dbcc7e|e11fe125-bacf-4485-8ccd-d0c353a3f965 cooldownMs=55654
03-14 14:43:56.029 25431 25444 D PresenceGattClient: RESULT_TX addr=73:53:A5:D7:40:4B ok=true bytes=2
03-14 14:43:56.031 25431 25444 D PresenceGattClient: RESULT_TX addr=73:53:A5:D7:40:4B status=0
03-14 14:43:56.031 25431 25444 E PresenceGattClient: PP_HANDSHAKE HANDSHAKE_COMPLETE peer=73:53:A5:D7:40:4B
03-14 14:43:56.031 25431 25444 D PresenceGattClient: CLIENT_CLEANUP reason=handshake complete addr=73:53:A5:D7:40:4B
03-14 14:44:25.228 25431 25431 E PresenceHandshake: PP_HANDSHAKE CONNECT_START peer=73:53:A5:D7:40:4B
03-14 14:44:25.228 25431 25431 E PresenceHandshake: PP_CONFIG transportMode=CBOR ledgerCreditCooldownMs=300000
03-14 14:44:25.228 25431 25431 D PresenceGattClient: CLIENT_CONNECT addr=73:53:A5:D7:40:4B
03-14 14:44:26.167 25431 25444 D PresenceGattClient: CLIENT_STATE addr=73:53:A5:D7:40:4B status=0 newState=2
03-14 14:44:26.167 25431 25444 E PresenceHandshake: PP_HANDSHAKE GATT_CONNECTED peer=73:53:A5:D7:40:4B
03-14 14:44:26.172 25431 25444 D PresenceGattClient: REQUEST_MTU addr=73:53:A5:D7:40:4B ok=true requested=185
03-14 14:44:26.429 25431 25444 D PresenceGattClient: MTU_CHANGED addr=73:53:A5:D7:40:4B mtu=517 status=0
03-14 14:44:26.434 25431 25444 D PresenceGattClient: DISCOVER_SERVICES_AFTER_MTU addr=73:53:A5:D7:40:4B ok=true
03-14 14:44:26.439 25431 25444 E PresenceHandshake: PP_HANDSHAKE SERVICES_DISCOVERED peer=73:53:A5:D7:40:4B
03-14 14:44:26.441 25431 25444 D PresenceGattClient: DISCOVERED_SERVICE addr=73:53:A5:D7:40:4B uuid=00001801-0000-1000-8000-00805f9b34fb
03-14 14:44:26.442 25431 25444 D PresenceGattClient: DISCOVERED_CHAR addr=73:53:A5:D7:40:4B service=00001801-0000-1000-8000-00805f9b34fb uuid=00002a05-0000-1000-8000-00805f9b34fb
03-14 14:44:26.442 25431 25444 D PresenceGattClient: DISCOVERED_CHAR addr=73:53:A5:D7:40:4B service=00001801-0000-1000-8000-00805f9b34fb uuid=00002b3a-0000-1000-8000-00805f9b34fb
03-14 14:44:26.443 25431 25444 D PresenceGattClient: DISCOVERED_CHAR addr=73:53:A5:D7:40:4B service=00001801-0000-1000-8000-00805f9b34fb uuid=00002b29-0000-1000-8000-00805f9b34fb
03-14 14:44:26.444 25431 25444 D PresenceGattClient: DISCOVERED_CHAR addr=73:53:A5:D7:40:4B service=00001801-0000-1000-8000-00805f9b34fb uuid=00002b2a-0000-1000-8000-00805f9b34fb
03-14 14:44:26.444 25431 25444 D PresenceGattClient: DISCOVERED_SERVICE addr=73:53:A5:D7:40:4B uuid=00001800-0000-1000-8000-00805f9b34fb
03-14 14:44:26.445 25431 25444 D PresenceGattClient: DISCOVERED_CHAR addr=73:53:A5:D7:40:4B service=00001800-0000-1000-8000-00805f9b34fb uuid=00002a00-0000-1000-8000-00805f9b34fb
03-14 14:44:26.446 25431 25444 D PresenceGattClient: DISCOVERED_CHAR addr=73:53:A5:D7:40:4B service=00001800-0000-1000-8000-00805f9b34fb uuid=00002a01-0000-1000-8000-00805f9b34fb
03-14 14:44:26.446 25431 25444 D PresenceGattClient: DISCOVERED_CHAR addr=73:53:A5:D7:40:4B service=00001800-0000-1000-8000-00805f9b34fb uuid=00002aa6-0000-1000-8000-00805f9b34fb
03-14 14:44:26.447 25431 25444 D PresenceGattClient: DISCOVERED_SERVICE addr=73:53:A5:D7:40:4B uuid=594a34fc-31db-11ea-978f-2e728ce88125
03-14 14:44:26.448 25431 25444 D PresenceGattClient: DISCOVERED_CHAR addr=73:53:A5:D7:40:4B service=594a34fc-31db-11ea-978f-2e728ce88125 uuid=594a36e6-31db-11ea-978f-2e728ce88125
03-14 14:44:26.449 25431 25444 D PresenceGattClient: DISCOVERED_CHAR addr=73:53:A5:D7:40:4B service=594a34fc-31db-11ea-978f-2e728ce88125 uuid=594a3010-31db-11ea-978f-2e728ce88125
03-14 14:44:26.449 25431 25444 D PresenceGattClient: DISCOVERED_SERVICE addr=73:53:A5:D7:40:4B uuid=7d3a2d6b-9b7a-4f2a-9e5e-0c9d6f1b1c01
03-14 14:44:26.450 25431 25444 D PresenceGattClient: DISCOVERED_CHAR addr=73:53:A5:D7:40:4B service=7d3a2d6b-9b7a-4f2a-9e5e-0c9d6f1b1c01 uuid=7d3a2d6b-9b7a-4f2a-9e5e-0c9d6f1b1c02
03-14 14:44:26.450 25431 25444 D PresenceGattClient: DISCOVERED_CHAR addr=73:53:A5:D7:40:4B service=7d3a2d6b-9b7a-4f2a-9e5e-0c9d6f1b1c01 uuid=7d3a2d6b-9b7a-4f2a-9e5e-0c9d6f1b1c03
03-14 14:44:26.451 25431 25444 D PresenceGattClient: DISCOVERED_CHAR addr=73:53:A5:D7:40:4B service=7d3a2d6b-9b7a-4f2a-9e5e-0c9d6f1b1c01 uuid=7d3a2d6b-9b7a-4f2a-9e5e-0c9d6f1b1c04
03-14 14:44:26.451 25431 25444 D PresenceGattClient: SERVICE_LOOKUP addr=73:53:A5:D7:40:4B serviceFound=true replyFound=true helloFound=true
03-14 14:44:26.522 25431 25444 D PresenceGattClient: CCCD_TX addr=73:53:A5:D7:40:4B status=0
03-14 14:44:26.528 25431 25444 D PresenceGattClient: HELLO_BUILD addr=73:53:A5:D7:40:4B mode=CBOR bytes=215 hash=a6787bc25268b3fae6ab2e57002a829148a49c64ecac807d1de5b4608d996824
03-14 14:44:26.529 25431 25444 D PresenceGattClient: HELLO_WRITE_REQUEST addr=73:53:A5:D7:40:4B writeType=1 bytes=215
03-14 14:44:26.535 25431 25444 D PresenceGattClient: HELLO_TX addr=73:53:A5:D7:40:4B status=0 bytes=215
03-14 14:44:26.535 25431 25444 E PresenceHandshake: PP_HANDSHAKE CHAR_WRITE peer=73:53:A5:D7:40:4B
03-14 14:44:26.626 25431 25444 D PresenceGattClient: REPLY_RX addr=73:53:A5:D7:40:4B bytes=313
03-14 14:44:26.636 25431 25444 E PresenceHandshake: PP_HANDSHAKE NOTIFY_RECEIVED peer=73:53:A5:D7:40:4B
03-14 14:44:26.636 25431 25444 E PresenceHandshake: PP_HANDSHAKE HANDSHAKE_COMPLETE peer=73:53:A5:D7:40:4B rewardPeer=753c88d3-9fad-4b79-b686-108683dbcc7e|e11fe125-bacf-4485-8ccd-d0c353a3f965
03-14 14:44:26.636 25431 25444 E PresenceHandshake: PP_SUPPRESS cooldown peer=753c88d3-9fad-4b79-b686-108683dbcc7e|e11fe125-bacf-4485-8ccd-d0c353a3f965 cooldownMs=25044
03-14 14:44:26.640 25431 25444 D PresenceGattClient: RESULT_TX addr=73:53:A5:D7:40:4B ok=true bytes=2
03-14 14:44:26.642 25431 25444 D PresenceGattClient: RESULT_TX addr=73:53:A5:D7:40:4B status=0
03-14 14:44:26.642 25431 25444 E PresenceGattClient: PP_HANDSHAKE HANDSHAKE_COMPLETE peer=73:53:A5:D7:40:4B
03-14 14:44:26.642 25431 25444 D PresenceGattClient: CLIENT_CLEANUP reason=handshake complete addr=73:53:A5:D7:40:4B
03-14 14:44:56.016 25431 25431 E PresenceHandshake: PP_HANDSHAKE CONNECT_START peer=73:53:A5:D7:40:4B
03-14 14:44:56.016 25431 25431 E PresenceHandshake: PP_CONFIG transportMode=CBOR ledgerCreditCooldownMs=300000
03-14 14:44:56.016 25431 25431 D PresenceGattClient: CLIENT_CONNECT addr=73:53:A5:D7:40:4B
03-14 14:44:56.530 25431 25444 D PresenceGattClient: CLIENT_STATE addr=73:53:A5:D7:40:4B status=0 newState=2
03-14 14:44:56.531 25431 25444 E PresenceHandshake: PP_HANDSHAKE GATT_CONNECTED peer=73:53:A5:D7:40:4B
03-14 14:44:56.533 25431 25444 D PresenceGattClient: REQUEST_MTU addr=73:53:A5:D7:40:4B ok=true requested=185
03-14 14:44:56.797 25431 25444 D PresenceGattClient: MTU_CHANGED addr=73:53:A5:D7:40:4B mtu=517 status=0
03-14 14:44:56.800 25431 25444 D PresenceGattClient: DISCOVER_SERVICES_AFTER_MTU addr=73:53:A5:D7:40:4B ok=true
03-14 14:44:56.808 25431 25444 E PresenceHandshake: PP_HANDSHAKE SERVICES_DISCOVERED peer=73:53:A5:D7:40:4B
03-14 14:44:56.808 25431 25444 D PresenceGattClient: DISCOVERED_SERVICE addr=73:53:A5:D7:40:4B uuid=00001801-0000-1000-8000-00805f9b34fb
03-14 14:44:56.809 25431 25444 D PresenceGattClient: DISCOVERED_CHAR addr=73:53:A5:D7:40:4B service=00001801-0000-1000-8000-00805f9b34fb uuid=00002a05-0000-1000-8000-00805f9b34fb
03-14 14:44:56.809 25431 25444 D PresenceGattClient: DISCOVERED_CHAR addr=73:53:A5:D7:40:4B service=00001801-0000-1000-8000-00805f9b34fb uuid=00002b3a-0000-1000-8000-00805f9b34fb
03-14 14:44:56.809 25431 25444 D PresenceGattClient: DISCOVERED_CHAR addr=73:53:A5:D7:40:4B service=00001801-0000-1000-8000-00805f9b34fb uuid=00002b29-0000-1000-8000-00805f9b34fb
03-14 14:44:56.810 25431 25444 D PresenceGattClient: DISCOVERED_CHAR addr=73:53:A5:D7:40:4B service=00001801-0000-1000-8000-00805f9b34fb uuid=00002b2a-0000-1000-8000-00805f9b34fb
03-14 14:44:56.810 25431 25444 D PresenceGattClient: DISCOVERED_SERVICE addr=73:53:A5:D7:40:4B uuid=00001800-0000-1000-8000-00805f9b34fb
03-14 14:44:56.811 25431 25444 D PresenceGattClient: DISCOVERED_CHAR addr=73:53:A5:D7:40:4B service=00001800-0000-1000-8000-00805f9b34fb uuid=00002a00-0000-1000-8000-00805f9b34fb
03-14 14:44:56.811 25431 25444 D PresenceGattClient: DISCOVERED_CHAR addr=73:53:A5:D7:40:4B service=00001800-0000-1000-8000-00805f9b34fb uuid=00002a01-0000-1000-8000-00805f9b34fb
03-14 14:44:56.811 25431 25444 D PresenceGattClient: DISCOVERED_CHAR addr=73:53:A5:D7:40:4B service=00001800-0000-1000-8000-00805f9b34fb uuid=00002aa6-0000-1000-8000-00805f9b34fb
03-14 14:44:56.812 25431 25444 D PresenceGattClient: DISCOVERED_SERVICE addr=73:53:A5:D7:40:4B uuid=594a34fc-31db-11ea-978f-2e728ce88125
03-14 14:44:56.812 25431 25444 D PresenceGattClient: DISCOVERED_CHAR addr=73:53:A5:D7:40:4B service=594a34fc-31db-11ea-978f-2e728ce88125 uuid=594a36e6-31db-11ea-978f-2e728ce88125
03-14 14:44:56.813 25431 25444 D PresenceGattClient: DISCOVERED_CHAR addr=73:53:A5:D7:40:4B service=594a34fc-31db-11ea-978f-2e728ce88125 uuid=594a3010-31db-11ea-978f-2e728ce88125
03-14 14:44:56.813 25431 25444 D PresenceGattClient: DISCOVERED_SERVICE addr=73:53:A5:D7:40:4B uuid=7d3a2d6b-9b7a-4f2a-9e5e-0c9d6f1b1c01
03-14 14:44:56.813 25431 25444 D PresenceGattClient: DISCOVERED_CHAR addr=73:53:A5:D7:40:4B service=7d3a2d6b-9b7a-4f2a-9e5e-0c9d6f1b1c01 uuid=7d3a2d6b-9b7a-4f2a-9e5e-0c9d6f1b1c02
03-14 14:44:56.814 25431 25444 D PresenceGattClient: DISCOVERED_CHAR addr=73:53:A5:D7:40:4B service=7d3a2d6b-9b7a-4f2a-9e5e-0c9d6f1b1c01 uuid=7d3a2d6b-9b7a-4f2a-9e5e-0c9d6f1b1c03
03-14 14:44:56.814 25431 25444 D PresenceGattClient: DISCOVERED_CHAR addr=73:53:A5:D7:40:4B service=7d3a2d6b-9b7a-4f2a-9e5e-0c9d6f1b1c01 uuid=7d3a2d6b-9b7a-4f2a-9e5e-0c9d6f1b1c04
03-14 14:44:56.814 25431 25444 D PresenceGattClient: SERVICE_LOOKUP addr=73:53:A5:D7:40:4B serviceFound=true replyFound=true helloFound=true
03-14 14:44:56.893 25431 25444 D PresenceGattClient: CCCD_TX addr=73:53:A5:D7:40:4B status=0
03-14 14:44:56.901 25431 25444 D PresenceGattClient: HELLO_BUILD addr=73:53:A5:D7:40:4B mode=CBOR bytes=215 hash=6b983c33b98d4830a7afe3b44091c324993ad493cf26c745fd97c0f054dfd535
03-14 14:44:56.902 25431 25444 D PresenceGattClient: HELLO_WRITE_REQUEST addr=73:53:A5:D7:40:4B writeType=1 bytes=215
03-14 14:44:56.908 25431 25444 D PresenceGattClient: HELLO_TX addr=73:53:A5:D7:40:4B status=0 bytes=215
03-14 14:44:56.908 25431 25444 E PresenceHandshake: PP_HANDSHAKE CHAR_WRITE peer=73:53:A5:D7:40:4B
03-14 14:44:56.996 25431 25444 D PresenceGattClient: REPLY_RX addr=73:53:A5:D7:40:4B bytes=312
03-14 14:44:57.012 25431 25444 E PresenceHandshake: PP_HANDSHAKE NOTIFY_RECEIVED peer=73:53:A5:D7:40:4B
03-14 14:44:57.013 25431 25444 E PresenceHandshake: PP_HANDSHAKE HANDSHAKE_COMPLETE peer=73:53:A5:D7:40:4B rewardPeer=753c88d3-9fad-4b79-b686-108683dbcc7e|e11fe125-bacf-4485-8ccd-d0c353a3f965
03-14 14:44:57.015 25431 25444 E PresenceHandshake: PP_HANDSHAKE DEVICE_B_SIGNATURE peer=73:53:A5:D7:40:4B value=MEUCIQCnUYhbvVAyU2AbrzpQcJT8po8WToUqVCyi4EDxthH/UQIgUqHBCZu+Bo/hcrAtv/HPMchoB4bCgAHND0BfBnZZm/M=
03-14 14:44:57.018 25431 25444 E PresenceHandshake: PP_VERIFY deviceASignatureValid=true peer=73:53:A5:D7:40:4B
03-14 14:44:57.018 25431 25444 E PresenceHandshake: PP_VERIFY deviceBSignatureValid=true peer=73:53:A5:D7:40:4B
03-14 14:44:57.020 25431 25444 E PresenceHandshake: PP_TICKET GENERATED encounterId=d3bcbd74-146a-3af7-e274-1eefc4c17220 peer=753c88d3-9fad-4b79-b686-108683dbcc7e|e11fe125-bacf-4485-8ccd-d0c353a3f965
03-14 14:44:57.021 25431 25444 E PresenceHandshake: PP_TICKET JSON {"encounterId":"d3bcbd74-146a-3af7-e274-1eefc4c17220","deviceAEphemeralKey":"MFkwEwYHKoZIzj0CAQYIKoZIzj0DAQcDQgAEgFvLu+ZH792R4LIik4Jfl7UfL89DQ4eln509Fl6cilwrPp53JuVKtiKKhniX2BtnArnA6xg9krGDL1X6PnfjNQ==","deviceBEphemeralKey":"753c88d3-9fad-4b79-b686-108683dbcc7e|e11fe125-bacf-4485-8ccd-d0c353a3f965","helloHash":"6b983c33b98d4830a7afe3b44091c324993ad493cf26c745fd97c0f054dfd535","replyHash":"2bf3ff60bdfe08ef97e1f128494e58ddeb21866d4c065f099599cc726a32210e","handshakeTimestamp":1773452697013,"heartbeatId":118230179,"epochId":9852514,"heartbeatIndexInEpoch":11,"nonce":"d04bdf0f-fb49-4d47-a04e-cc654c53d4a1","protocolVersion":"presence_v1","appVersion":"0.1-both","deviceASignature":"MEUCIFcVTpzklmvWjJZm22uKqjvTlgJpWGvFnYVB5ulkth+/AiEAs5yszuozq0fP7JdULLiahud7wvHCojci9dCGSzjCob4=","deviceBSignature":"MEUCIQCnUYhbvVAyU2AbrzpQcJT8po8WToUqVCyi4EDxthH/UQIgUqHBCZu+Bo/hcrAtv/HPMchoB4bCgAHND0BfBnZZm/M="}
03-14 14:44:57.023 25431 25444 E PresenceHandshake: PP_TICKET_PERSISTED encounterId=d3bcbd74-146a-3af7-e274-1eefc4c17220 peer=753c88d3-9fad-4b79-b686-108683dbcc7e|e11fe125-bacf-4485-8ccd-d0c353a3f965 ok=true
03-14 14:44:57.026 25431 25444 D PresenceGattClient: RESULT_TX addr=73:53:A5:D7:40:4B ok=true bytes=2
03-14 14:44:57.028 25431 25444 D PresenceGattClient: RESULT_TX addr=73:53:A5:D7:40:4B status=0
03-14 14:44:57.028 25431 25444 E PresenceGattClient: PP_HANDSHAKE HANDSHAKE_COMPLETE peer=73:53:A5:D7:40:4B
03-14 14:44:57.028 25431 25444 D PresenceGattClient: CLIENT_CLEANUP reason=handshake complete addr=73:53:A5:D7:40:4B
03-14 14:46:57.445 25431 25431 E PresenceHandshake: PP_HANDSHAKE CONNECT_START peer=73:53:A5:D7:40:4B
03-14 14:46:57.445 25431 25431 E PresenceHandshake: PP_CONFIG transportMode=CBOR ledgerCreditCooldownMs=300000
03-14 14:46:57.445 25431 25431 D PresenceGattClient: CLIENT_CONNECT addr=73:53:A5:D7:40:4B
03-14 14:46:58.161 25431 25444 D PresenceGattClient: CLIENT_STATE addr=73:53:A5:D7:40:4B status=0 newState=2
03-14 14:46:58.161 25431 25444 E PresenceHandshake: PP_HANDSHAKE GATT_CONNECTED peer=73:53:A5:D7:40:4B
03-14 14:46:58.164 25431 25444 D PresenceGattClient: REQUEST_MTU addr=73:53:A5:D7:40:4B ok=true requested=185
03-14 14:46:58.532 25431 25444 D PresenceGattClient: MTU_CHANGED addr=73:53:A5:D7:40:4B mtu=517 status=0
03-14 14:46:58.537 25431 25444 D PresenceGattClient: DISCOVER_SERVICES_AFTER_MTU addr=73:53:A5:D7:40:4B ok=true
03-14 14:46:58.542 25431 25444 E PresenceHandshake: PP_HANDSHAKE SERVICES_DISCOVERED peer=73:53:A5:D7:40:4B
03-14 14:46:58.543 25431 25444 D PresenceGattClient: DISCOVERED_SERVICE addr=73:53:A5:D7:40:4B uuid=00001801-0000-1000-8000-00805f9b34fb
03-14 14:46:58.543 25431 25444 D PresenceGattClient: DISCOVERED_CHAR addr=73:53:A5:D7:40:4B service=00001801-0000-1000-8000-00805f9b34fb uuid=00002a05-0000-1000-8000-00805f9b34fb
03-14 14:46:58.544 25431 25444 D PresenceGattClient: DISCOVERED_CHAR addr=73:53:A5:D7:40:4B service=00001801-0000-1000-8000-00805f9b34fb uuid=00002b3a-0000-1000-8000-00805f9b34fb
03-14 14:46:58.544 25431 25444 D PresenceGattClient: DISCOVERED_CHAR addr=73:53:A5:D7:40:4B service=00001801-0000-1000-8000-00805f9b34fb uuid=00002b29-0000-1000-8000-00805f9b34fb
03-14 14:46:58.545 25431 25444 D PresenceGattClient: DISCOVERED_CHAR addr=73:53:A5:D7:40:4B service=00001801-0000-1000-8000-00805f9b34fb uuid=00002b2a-0000-1000-8000-00805f9b34fb
03-14 14:46:58.545 25431 25444 D PresenceGattClient: DISCOVERED_SERVICE addr=73:53:A5:D7:40:4B uuid=00001800-0000-1000-8000-00805f9b34fb
03-14 14:46:58.545 25431 25444 D PresenceGattClient: DISCOVERED_CHAR addr=73:53:A5:D7:40:4B service=00001800-0000-1000-8000-00805f9b34fb uuid=00002a00-0000-1000-8000-00805f9b34fb
03-14 14:46:58.546 25431 25444 D PresenceGattClient: DISCOVERED_CHAR addr=73:53:A5:D7:40:4B service=00001800-0000-1000-8000-00805f9b34fb uuid=00002a01-0000-1000-8000-00805f9b34fb
03-14 14:46:58.546 25431 25444 D PresenceGattClient: DISCOVERED_CHAR addr=73:53:A5:D7:40:4B service=00001800-0000-1000-8000-00805f9b34fb uuid=00002aa6-0000-1000-8000-00805f9b34fb
03-14 14:46:58.546 25431 25444 D PresenceGattClient: DISCOVERED_SERVICE addr=73:53:A5:D7:40:4B uuid=594a34fc-31db-11ea-978f-2e728ce88125
03-14 14:46:58.547 25431 25444 D PresenceGattClient: DISCOVERED_CHAR addr=73:53:A5:D7:40:4B service=594a34fc-31db-11ea-978f-2e728ce88125 uuid=594a36e6-31db-11ea-978f-2e728ce88125
03-14 14:46:58.547 25431 25444 D PresenceGattClient: DISCOVERED_CHAR addr=73:53:A5:D7:40:4B service=594a34fc-31db-11ea-978f-2e728ce88125 uuid=594a3010-31db-11ea-978f-2e728ce88125
03-14 14:46:58.548 25431 25444 D PresenceGattClient: DISCOVERED_SERVICE addr=73:53:A5:D7:40:4B uuid=7d3a2d6b-9b7a-4f2a-9e5e-0c9d6f1b1c01
03-14 14:46:58.548 25431 25444 D PresenceGattClient: DISCOVERED_CHAR addr=73:53:A5:D7:40:4B service=7d3a2d6b-9b7a-4f2a-9e5e-0c9d6f1b1c01 uuid=7d3a2d6b-9b7a-4f2a-9e5e-0c9d6f1b1c02
03-14 14:46:58.548 25431 25444 D PresenceGattClient: DISCOVERED_CHAR addr=73:53:A5:D7:40:4B service=7d3a2d6b-9b7a-4f2a-9e5e-0c9d6f1b1c01 uuid=7d3a2d6b-9b7a-4f2a-9e5e-0c9d6f1b1c03
03-14 14:46:58.549 25431 25444 D PresenceGattClient: DISCOVERED_CHAR addr=73:53:A5:D7:40:4B service=7d3a2d6b-9b7a-4f2a-9e5e-0c9d6f1b1c01 uuid=7d3a2d6b-9b7a-4f2a-9e5e-0c9d6f1b1c04
03-14 14:46:58.549 25431 25444 D PresenceGattClient: SERVICE_LOOKUP addr=73:53:A5:D7:40:4B serviceFound=true replyFound=true helloFound=true
03-14 14:46:58.675 25431 25444 D PresenceGattClient: CCCD_TX addr=73:53:A5:D7:40:4B status=0
03-14 14:46:58.682 25431 25444 D PresenceGattClient: HELLO_BUILD addr=73:53:A5:D7:40:4B mode=CBOR bytes=215 hash=4bdb4ba14476ee3417f57e3215fa676a4bc3f23360ae7e0b016fb511edb86290
03-14 14:46:58.682 25431 25444 D PresenceGattClient: HELLO_WRITE_REQUEST addr=73:53:A5:D7:40:4B writeType=1 bytes=215
03-14 14:46:58.688 25431 25444 D PresenceGattClient: HELLO_TX addr=73:53:A5:D7:40:4B status=0 bytes=215
03-14 14:46:58.688 25431 25444 E PresenceHandshake: PP_HANDSHAKE CHAR_WRITE peer=73:53:A5:D7:40:4B
03-14 14:46:58.823 25431 25444 D PresenceGattClient: REPLY_RX addr=73:53:A5:D7:40:4B bytes=312
03-14 14:46:58.838 25431 25444 E PresenceHandshake: PP_HANDSHAKE NOTIFY_RECEIVED peer=73:53:A5:D7:40:4B
03-14 14:46:58.838 25431 25444 E PresenceHandshake: PP_HANDSHAKE HANDSHAKE_COMPLETE peer=73:53:A5:D7:40:4B rewardPeer=753c88d3-9fad-4b79-b686-108683dbcc7e|e11fe125-bacf-4485-8ccd-d0c353a3f965
03-14 14:46:58.838 25431 25444 E PresenceHandshake: PP_SUPPRESS cooldown peer=753c88d3-9fad-4b79-b686-108683dbcc7e|e11fe125-bacf-4485-8ccd-d0c353a3f965 cooldownMs=178175
03-14 14:46:58.842 25431 25444 D PresenceGattClient: RESULT_TX addr=73:53:A5:D7:40:4B ok=true bytes=2
03-14 14:46:58.846 25431 25444 D PresenceGattClient: RESULT_TX addr=73:53:A5:D7:40:4B status=0
03-14 14:46:58.846 25431 25444 E PresenceGattClient: PP_HANDSHAKE HANDSHAKE_COMPLETE peer=73:53:A5:D7:40:4B
03-14 14:46:58.846 25431 25444 D PresenceGattClient: CLIENT_CLEANUP reason=handshake complete addr=73:53:A5:D7:40:4B
03-14 14:47:27.909 25431 25431 E PresenceHandshake: PP_HANDSHAKE CONNECT_START peer=73:53:A5:D7:40:4B
03-14 14:47:27.909 25431 25431 E PresenceHandshake: PP_CONFIG transportMode=CBOR ledgerCreditCooldownMs=300000
03-14 14:47:27.909 25431 25431 D PresenceGattClient: CLIENT_CONNECT addr=73:53:A5:D7:40:4B
03-14 14:47:28.636 25431 25444 D PresenceGattClient: CLIENT_STATE addr=73:53:A5:D7:40:4B status=0 newState=2
03-14 14:47:28.637 25431 25444 E PresenceHandshake: PP_HANDSHAKE GATT_CONNECTED peer=73:53:A5:D7:40:4B
03-14 14:47:28.640 25431 25444 D PresenceGattClient: REQUEST_MTU addr=73:53:A5:D7:40:4B ok=true requested=185
03-14 14:47:28.952 25431 25444 D PresenceGattClient: MTU_CHANGED addr=73:53:A5:D7:40:4B mtu=517 status=0
03-14 14:47:28.957 25431 25444 D PresenceGattClient: DISCOVER_SERVICES_AFTER_MTU addr=73:53:A5:D7:40:4B ok=true
03-14 14:47:28.962 25431 25444 E PresenceHandshake: PP_HANDSHAKE SERVICES_DISCOVERED peer=73:53:A5:D7:40:4B
03-14 14:47:28.962 25431 25444 D PresenceGattClient: DISCOVERED_SERVICE addr=73:53:A5:D7:40:4B uuid=00001801-0000-1000-8000-00805f9b34fb
03-14 14:47:28.963 25431 25444 D PresenceGattClient: DISCOVERED_CHAR addr=73:53:A5:D7:40:4B service=00001801-0000-1000-8000-00805f9b34fb uuid=00002a05-0000-1000-8000-00805f9b34fb
03-14 14:47:28.963 25431 25444 D PresenceGattClient: DISCOVERED_CHAR addr=73:53:A5:D7:40:4B service=00001801-0000-1000-8000-00805f9b34fb uuid=00002b3a-0000-1000-8000-00805f9b34fb
03-14 14:47:28.964 25431 25444 D PresenceGattClient: DISCOVERED_CHAR addr=73:53:A5:D7:40:4B service=00001801-0000-1000-8000-00805f9b34fb uuid=00002b29-0000-1000-8000-00805f9b34fb
03-14 14:47:28.964 25431 25444 D PresenceGattClient: DISCOVERED_CHAR addr=73:53:A5:D7:40:4B service=00001801-0000-1000-8000-00805f9b34fb uuid=00002b2a-0000-1000-8000-00805f9b34fb
03-14 14:47:28.964 25431 25444 D PresenceGattClient: DISCOVERED_SERVICE addr=73:53:A5:D7:40:4B uuid=00001800-0000-1000-8000-00805f9b34fb
03-14 14:47:28.965 25431 25444 D PresenceGattClient: DISCOVERED_CHAR addr=73:53:A5:D7:40:4B service=00001800-0000-1000-8000-00805f9b34fb uuid=00002a00-0000-1000-8000-00805f9b34fb
03-14 14:47:28.965 25431 25444 D PresenceGattClient: DISCOVERED_CHAR addr=73:53:A5:D7:40:4B service=00001800-0000-1000-8000-00805f9b34fb uuid=00002a01-0000-1000-8000-00805f9b34fb
03-14 14:47:28.966 25431 25444 D PresenceGattClient: DISCOVERED_CHAR addr=73:53:A5:D7:40:4B service=00001800-0000-1000-8000-00805f9b34fb uuid=00002aa6-0000-1000-8000-00805f9b34fb
03-14 14:47:28.966 25431 25444 D PresenceGattClient: DISCOVERED_SERVICE addr=73:53:A5:D7:40:4B uuid=594a34fc-31db-11ea-978f-2e728ce88125
03-14 14:47:28.966 25431 25444 D PresenceGattClient: DISCOVERED_CHAR addr=73:53:A5:D7:40:4B service=594a34fc-31db-11ea-978f-2e728ce88125 uuid=594a36e6-31db-11ea-978f-2e728ce88125
03-14 14:47:28.967 25431 25444 D PresenceGattClient: DISCOVERED_CHAR addr=73:53:A5:D7:40:4B service=594a34fc-31db-11ea-978f-2e728ce88125 uuid=594a3010-31db-11ea-978f-2e728ce88125
03-14 14:47:28.967 25431 25444 D PresenceGattClient: DISCOVERED_SERVICE addr=73:53:A5:D7:40:4B uuid=7d3a2d6b-9b7a-4f2a-9e5e-0c9d6f1b1c01
03-14 14:47:28.968 25431 25444 D PresenceGattClient: DISCOVERED_CHAR addr=73:53:A5:D7:40:4B service=7d3a2d6b-9b7a-4f2a-9e5e-0c9d6f1b1c01 uuid=7d3a2d6b-9b7a-4f2a-9e5e-0c9d6f1b1c02
03-14 14:47:28.968 25431 25444 D PresenceGattClient: DISCOVERED_CHAR addr=73:53:A5:D7:40:4B service=7d3a2d6b-9b7a-4f2a-9e5e-0c9d6f1b1c01 uuid=7d3a2d6b-9b7a-4f2a-9e5e-0c9d6f1b1c03
03-14 14:47:28.969 25431 25444 D PresenceGattClient: DISCOVERED_CHAR addr=73:53:A5:D7:40:4B service=7d3a2d6b-9b7a-4f2a-9e5e-0c9d6f1b1c01 uuid=7d3a2d6b-9b7a-4f2a-9e5e-0c9d6f1b1c04
03-14 14:47:28.969 25431 25444 D PresenceGattClient: SERVICE_LOOKUP addr=73:53:A5:D7:40:4B serviceFound=true replyFound=true helloFound=true
03-14 14:47:29.047 25431 25444 D PresenceGattClient: CCCD_TX addr=73:53:A5:D7:40:4B status=0
03-14 14:47:29.056 25431 25444 D PresenceGattClient: HELLO_BUILD addr=73:53:A5:D7:40:4B mode=CBOR bytes=215 hash=7b4eed649172877de2e162fcf695bb9c5a962c87709a6affa7a47a3f6e8e8f55
03-14 14:47:29.056 25431 25444 D PresenceGattClient: HELLO_WRITE_REQUEST addr=73:53:A5:D7:40:4B writeType=1 bytes=215
03-14 14:47:29.063 25431 25444 D PresenceGattClient: HELLO_TX addr=73:53:A5:D7:40:4B status=0 bytes=215
03-14 14:47:29.063 25431 25444 E PresenceHandshake: PP_HANDSHAKE CHAR_WRITE peer=73:53:A5:D7:40:4B
03-14 14:47:29.195 25431 25444 D PresenceGattClient: REPLY_RX addr=73:53:A5:D7:40:4B bytes=312
03-14 14:47:29.209 25431 25444 E PresenceHandshake: PP_HANDSHAKE NOTIFY_RECEIVED peer=73:53:A5:D7:40:4B
03-14 14:47:29.210 25431 25444 E PresenceHandshake: PP_HANDSHAKE HANDSHAKE_COMPLETE peer=73:53:A5:D7:40:4B rewardPeer=753c88d3-9fad-4b79-b686-108683dbcc7e|e11fe125-bacf-4485-8ccd-d0c353a3f965
03-14 14:47:29.211 25431 25444 E PresenceHandshake: PP_SUPPRESS cooldown peer=753c88d3-9fad-4b79-b686-108683dbcc7e|e11fe125-bacf-4485-8ccd-d0c353a3f965 cooldownMs=147803
03-14 14:47:29.214 25431 25444 D PresenceGattClient: RESULT_TX addr=73:53:A5:D7:40:4B ok=true bytes=2
03-14 14:47:29.217 25431 25444 D PresenceGattClient: RESULT_TX addr=73:53:A5:D7:40:4B status=0
03-14 14:47:29.217 25431 25444 E PresenceGattClient: PP_HANDSHAKE HANDSHAKE_COMPLETE peer=73:53:A5:D7:40:4B
03-14 14:47:29.217 25431 25444 D PresenceGattClient: CLIENT_CLEANUP reason=handshake complete addr=73:53:A5:D7:40:4B
03-14 14:47:58.375 25431 25431 E PresenceHandshake: PP_HANDSHAKE CONNECT_START peer=73:53:A5:D7:40:4B
03-14 14:47:58.375 25431 25431 E PresenceHandshake: PP_CONFIG transportMode=CBOR ledgerCreditCooldownMs=300000
03-14 14:47:58.375 25431 25431 D PresenceGattClient: CLIENT_CONNECT addr=73:53:A5:D7:40:4B
03-14 14:47:59.104 25431 25444 D PresenceGattClient: CLIENT_STATE addr=73:53:A5:D7:40:4B status=0 newState=2
03-14 14:47:59.104 25431 25444 E PresenceHandshake: PP_HANDSHAKE GATT_CONNECTED peer=73:53:A5:D7:40:4B
03-14 14:47:59.107 25431 25444 D PresenceGattClient: REQUEST_MTU addr=73:53:A5:D7:40:4B ok=true requested=185
03-14 14:47:59.422 25431 25444 D PresenceGattClient: MTU_CHANGED addr=73:53:A5:D7:40:4B mtu=517 status=0
03-14 14:47:59.427 25431 25444 D PresenceGattClient: DISCOVER_SERVICES_AFTER_MTU addr=73:53:A5:D7:40:4B ok=true
03-14 14:47:59.432 25431 25444 E PresenceHandshake: PP_HANDSHAKE SERVICES_DISCOVERED peer=73:53:A5:D7:40:4B
03-14 14:47:59.433 25431 25444 D PresenceGattClient: DISCOVERED_SERVICE addr=73:53:A5:D7:40:4B uuid=00001801-0000-1000-8000-00805f9b34fb
03-14 14:47:59.433 25431 25444 D PresenceGattClient: DISCOVERED_CHAR addr=73:53:A5:D7:40:4B service=00001801-0000-1000-8000-00805f9b34fb uuid=00002a05-0000-1000-8000-00805f9b34fb
03-14 14:47:59.433 25431 25444 D PresenceGattClient: DISCOVERED_CHAR addr=73:53:A5:D7:40:4B service=00001801-0000-1000-8000-00805f9b34fb uuid=00002b3a-0000-1000-8000-00805f9b34fb
03-14 14:47:59.434 25431 25444 D PresenceGattClient: DISCOVERED_CHAR addr=73:53:A5:D7:40:4B service=00001801-0000-1000-8000-00805f9b34fb uuid=00002b29-0000-1000-8000-00805f9b34fb
03-14 14:47:59.434 25431 25444 D PresenceGattClient: DISCOVERED_CHAR addr=73:53:A5:D7:40:4B service=00001801-0000-1000-8000-00805f9b34fb uuid=00002b2a-0000-1000-8000-00805f9b34fb
03-14 14:47:59.434 25431 25444 D PresenceGattClient: DISCOVERED_SERVICE addr=73:53:A5:D7:40:4B uuid=00001800-0000-1000-8000-00805f9b34fb
03-14 14:47:59.435 25431 25444 D PresenceGattClient: DISCOVERED_CHAR addr=73:53:A5:D7:40:4B service=00001800-0000-1000-8000-00805f9b34fb uuid=00002a00-0000-1000-8000-00805f9b34fb
03-14 14:47:59.436 25431 25444 D PresenceGattClient: DISCOVERED_CHAR addr=73:53:A5:D7:40:4B service=00001800-0000-1000-8000-00805f9b34fb uuid=00002a01-0000-1000-8000-00805f9b34fb
03-14 14:47:59.436 25431 25444 D PresenceGattClient: DISCOVERED_CHAR addr=73:53:A5:D7:40:4B service=00001800-0000-1000-8000-00805f9b34fb uuid=00002aa6-0000-1000-8000-00805f9b34fb
03-14 14:47:59.437 25431 25444 D PresenceGattClient: DISCOVERED_SERVICE addr=73:53:A5:D7:40:4B uuid=594a34fc-31db-11ea-978f-2e728ce88125
03-14 14:47:59.438 25431 25444 D PresenceGattClient: DISCOVERED_CHAR addr=73:53:A5:D7:40:4B service=594a34fc-31db-11ea-978f-2e728ce88125 uuid=594a36e6-31db-11ea-978f-2e728ce88125
03-14 14:47:59.438 25431 25444 D PresenceGattClient: DISCOVERED_CHAR addr=73:53:A5:D7:40:4B service=594a34fc-31db-11ea-978f-2e728ce88125 uuid=594a3010-31db-11ea-978f-2e728ce88125
03-14 14:47:59.439 25431 25444 D PresenceGattClient: DISCOVERED_SERVICE addr=73:53:A5:D7:40:4B uuid=7d3a2d6b-9b7a-4f2a-9e5e-0c9d6f1b1c01
03-14 14:47:59.440 25431 25444 D PresenceGattClient: DISCOVERED_CHAR addr=73:53:A5:D7:40:4B service=7d3a2d6b-9b7a-4f2a-9e5e-0c9d6f1b1c01 uuid=7d3a2d6b-9b7a-4f2a-9e5e-0c9d6f1b1c02
03-14 14:47:59.440 25431 25444 D PresenceGattClient: DISCOVERED_CHAR addr=73:53:A5:D7:40:4B service=7d3a2d6b-9b7a-4f2a-9e5e-0c9d6f1b1c01 uuid=7d3a2d6b-9b7a-4f2a-9e5e-0c9d6f1b1c03
03-14 14:47:59.441 25431 25444 D PresenceGattClient: DISCOVERED_CHAR addr=73:53:A5:D7:40:4B service=7d3a2d6b-9b7a-4f2a-9e5e-0c9d6f1b1c01 uuid=7d3a2d6b-9b7a-4f2a-9e5e-0c9d6f1b1c04
03-14 14:47:59.442 25431 25444 D PresenceGattClient: SERVICE_LOOKUP addr=73:53:A5:D7:40:4B serviceFound=true replyFound=true helloFound=true
03-14 14:47:59.515 25431 25444 D PresenceGattClient: CCCD_TX addr=73:53:A5:D7:40:4B status=0
03-14 14:47:59.524 25431 25444 D PresenceGattClient: HELLO_BUILD addr=73:53:A5:D7:40:4B mode=CBOR bytes=215 hash=140b9ebe5b9f4163a6e3e6a3b01959a04a39321202ff56133c51c15344f32588
03-14 14:47:59.525 25431 25444 D PresenceGattClient: HELLO_WRITE_REQUEST addr=73:53:A5:D7:40:4B writeType=1 bytes=215
03-14 14:47:59.531 25431 25444 D PresenceGattClient: HELLO_TX addr=73:53:A5:D7:40:4B status=0 bytes=215
03-14 14:47:59.532 25431 25444 E PresenceHandshake: PP_HANDSHAKE CHAR_WRITE peer=73:53:A5:D7:40:4B
03-14 14:47:59.666 25431 25444 D PresenceGattClient: REPLY_RX addr=73:53:A5:D7:40:4B bytes=311
03-14 14:47:59.682 25431 25444 E PresenceHandshake: PP_HANDSHAKE NOTIFY_RECEIVED peer=73:53:A5:D7:40:4B
03-14 14:47:59.682 25431 25444 E PresenceHandshake: PP_HANDSHAKE HANDSHAKE_COMPLETE peer=73:53:A5:D7:40:4B rewardPeer=753c88d3-9fad-4b79-b686-108683dbcc7e|e11fe125-bacf-4485-8ccd-d0c353a3f965
03-14 14:47:59.683 25431 25444 E PresenceHandshake: PP_SUPPRESS cooldown peer=753c88d3-9fad-4b79-b686-108683dbcc7e|e11fe125-bacf-4485-8ccd-d0c353a3f965 cooldownMs=117330
03-14 14:47:59.687 25431 25444 D PresenceGattClient: RESULT_TX addr=73:53:A5:D7:40:4B ok=true bytes=2
03-14 14:47:59.689 25431 25444 D PresenceGattClient: RESULT_TX addr=73:53:A5:D7:40:4B status=0
03-14 14:47:59.689 25431 25444 E PresenceGattClient: PP_HANDSHAKE HANDSHAKE_COMPLETE peer=73:53:A5:D7:40:4B
03-14 14:47:59.689 25431 25444 D PresenceGattClient: CLIENT_CLEANUP reason=handshake complete addr=73:53:A5:D7:40:4B
03-14 14:48:28.839 25431 25431 E PresenceHandshake: PP_HANDSHAKE CONNECT_START peer=73:53:A5:D7:40:4B
03-14 14:48:28.839 25431 25431 E PresenceHandshake: PP_CONFIG transportMode=CBOR ledgerCreditCooldownMs=300000
03-14 14:48:28.839 25431 25431 D PresenceGattClient: CLIENT_CONNECT addr=73:53:A5:D7:40:4B
03-14 14:48:29.776 25431 25444 D PresenceGattClient: CLIENT_STATE addr=73:53:A5:D7:40:4B status=0 newState=2
03-14 14:48:29.777 25431 25444 E PresenceHandshake: PP_HANDSHAKE GATT_CONNECTED peer=73:53:A5:D7:40:4B
03-14 14:48:29.786 25431 25444 D PresenceGattClient: REQUEST_MTU addr=73:53:A5:D7:40:4B ok=true requested=185
03-14 14:48:30.038 25431 25444 D PresenceGattClient: MTU_CHANGED addr=73:53:A5:D7:40:4B mtu=517 status=0
03-14 14:48:30.043 25431 25444 D PresenceGattClient: DISCOVER_SERVICES_AFTER_MTU addr=73:53:A5:D7:40:4B ok=true
03-14 14:48:30.048 25431 25444 E PresenceHandshake: PP_HANDSHAKE SERVICES_DISCOVERED peer=73:53:A5:D7:40:4B
03-14 14:48:30.048 25431 25444 D PresenceGattClient: DISCOVERED_SERVICE addr=73:53:A5:D7:40:4B uuid=00001801-0000-1000-8000-00805f9b34fb
03-14 14:48:30.049 25431 25444 D PresenceGattClient: DISCOVERED_CHAR addr=73:53:A5:D7:40:4B service=00001801-0000-1000-8000-00805f9b34fb uuid=00002a05-0000-1000-8000-00805f9b34fb
03-14 14:48:30.049 25431 25444 D PresenceGattClient: DISCOVERED_CHAR addr=73:53:A5:D7:40:4B service=00001801-0000-1000-8000-00805f9b34fb uuid=00002b3a-0000-1000-8000-00805f9b34fb
03-14 14:48:30.050 25431 25444 D PresenceGattClient: DISCOVERED_CHAR addr=73:53:A5:D7:40:4B service=00001801-0000-1000-8000-00805f9b34fb uuid=00002b29-0000-1000-8000-00805f9b34fb
03-14 14:48:30.050 25431 25444 D PresenceGattClient: DISCOVERED_CHAR addr=73:53:A5:D7:40:4B service=00001801-0000-1000-8000-00805f9b34fb uuid=00002b2a-0000-1000-8000-00805f9b34fb
03-14 14:48:30.050 25431 25444 D PresenceGattClient: DISCOVERED_SERVICE addr=73:53:A5:D7:40:4B uuid=00001800-0000-1000-8000-00805f9b34fb
03-14 14:48:30.050 25431 25444 D PresenceGattClient: DISCOVERED_CHAR addr=73:53:A5:D7:40:4B service=00001800-0000-1000-8000-00805f9b34fb uuid=00002a00-0000-1000-8000-00805f9b34fb
03-14 14:48:30.051 25431 25444 D PresenceGattClient: DISCOVERED_CHAR addr=73:53:A5:D7:40:4B service=00001800-0000-1000-8000-00805f9b34fb uuid=00002a01-0000-1000-8000-00805f9b34fb
03-14 14:48:30.051 25431 25444 D PresenceGattClient: DISCOVERED_CHAR addr=73:53:A5:D7:40:4B service=00001800-0000-1000-8000-00805f9b34fb uuid=00002aa6-0000-1000-8000-00805f9b34fb
03-14 14:48:30.052 25431 25444 D PresenceGattClient: DISCOVERED_SERVICE addr=73:53:A5:D7:40:4B uuid=594a34fc-31db-11ea-978f-2e728ce88125
03-14 14:48:30.052 25431 25444 D PresenceGattClient: DISCOVERED_CHAR addr=73:53:A5:D7:40:4B service=594a34fc-31db-11ea-978f-2e728ce88125 uuid=594a36e6-31db-11ea-978f-2e728ce88125
03-14 14:48:30.053 25431 25444 D PresenceGattClient: DISCOVERED_CHAR addr=73:53:A5:D7:40:4B service=594a34fc-31db-11ea-978f-2e728ce88125 uuid=594a3010-31db-11ea-978f-2e728ce88125
03-14 14:48:30.053 25431 25444 D PresenceGattClient: DISCOVERED_SERVICE addr=73:53:A5:D7:40:4B uuid=7d3a2d6b-9b7a-4f2a-9e5e-0c9d6f1b1c01
03-14 14:48:30.053 25431 25444 D PresenceGattClient: DISCOVERED_CHAR addr=73:53:A5:D7:40:4B service=7d3a2d6b-9b7a-4f2a-9e5e-0c9d6f1b1c01 uuid=7d3a2d6b-9b7a-4f2a-9e5e-0c9d6f1b1c02
03-14 14:48:30.054 25431 25444 D PresenceGattClient: DISCOVERED_CHAR addr=73:53:A5:D7:40:4B service=7d3a2d6b-9b7a-4f2a-9e5e-0c9d6f1b1c01 uuid=7d3a2d6b-9b7a-4f2a-9e5e-0c9d6f1b1c03
03-14 14:48:30.054 25431 25444 D PresenceGattClient: DISCOVERED_CHAR addr=73:53:A5:D7:40:4B service=7d3a2d6b-9b7a-4f2a-9e5e-0c9d6f1b1c01 uuid=7d3a2d6b-9b7a-4f2a-9e5e-0c9d6f1b1c04
03-14 14:48:30.054 25431 25444 D PresenceGattClient: SERVICE_LOOKUP addr=73:53:A5:D7:40:4B serviceFound=true replyFound=true helloFound=true
03-14 14:48:30.131 25431 25444 D PresenceGattClient: CCCD_TX addr=73:53:A5:D7:40:4B status=0
03-14 14:48:30.138 25431 25444 D PresenceGattClient: HELLO_BUILD addr=73:53:A5:D7:40:4B mode=CBOR bytes=215 hash=639a5718dd5ab1f797de6c1c89cbcc3af68ace03bb010f96e00ef43bb6526c82
03-14 14:48:30.139 25431 25444 D PresenceGattClient: HELLO_WRITE_REQUEST addr=73:53:A5:D7:40:4B writeType=1 bytes=215
03-14 14:48:30.145 25431 25444 D PresenceGattClient: HELLO_TX addr=73:53:A5:D7:40:4B status=0 bytes=215
03-14 14:48:30.145 25431 25444 E PresenceHandshake: PP_HANDSHAKE CHAR_WRITE peer=73:53:A5:D7:40:4B
03-14 14:48:30.234 25431 25444 D PresenceGattClient: REPLY_RX addr=73:53:A5:D7:40:4B bytes=311
03-14 14:48:30.246 25431 25444 E PresenceHandshake: PP_HANDSHAKE NOTIFY_RECEIVED peer=73:53:A5:D7:40:4B
03-14 14:48:30.247 25431 25444 E PresenceHandshake: PP_HANDSHAKE HANDSHAKE_COMPLETE peer=73:53:A5:D7:40:4B rewardPeer=753c88d3-9fad-4b79-b686-108683dbcc7e|e11fe125-bacf-4485-8ccd-d0c353a3f965
03-14 14:48:30.247 25431 25444 E PresenceHandshake: PP_SUPPRESS cooldown peer=753c88d3-9fad-4b79-b686-108683dbcc7e|e11fe125-bacf-4485-8ccd-d0c353a3f965 cooldownMs=86766
03-14 14:48:30.250 25431 25444 D PresenceGattClient: RESULT_TX addr=73:53:A5:D7:40:4B ok=true bytes=2
03-14 14:48:30.253 25431 25444 D PresenceGattClient: RESULT_TX addr=73:53:A5:D7:40:4B status=0
03-14 14:48:30.253 25431 25444 E PresenceGattClient: PP_HANDSHAKE HANDSHAKE_COMPLETE peer=73:53:A5:D7:40:4B
03-14 14:48:30.253 25431 25444 D PresenceGattClient: CLIENT_CLEANUP reason=handshake complete addr=73:53:A5:D7:40:4B
03-14 14:48:59.517 25431 25431 E PresenceHandshake: PP_HANDSHAKE CONNECT_START peer=73:53:A5:D7:40:4B
03-14 14:48:59.517 25431 25431 E PresenceHandshake: PP_CONFIG transportMode=CBOR ledgerCreditCooldownMs=300000
03-14 14:48:59.518 25431 25431 D PresenceGattClient: CLIENT_CONNECT addr=73:53:A5:D7:40:4B
03-14 14:49:00.036 25431 25444 D PresenceGattClient: CLIENT_STATE addr=73:53:A5:D7:40:4B status=0 newState=2
03-14 14:49:00.037 25431 25444 E PresenceHandshake: PP_HANDSHAKE GATT_CONNECTED peer=73:53:A5:D7:40:4B
03-14 14:49:00.044 25431 25444 D PresenceGattClient: REQUEST_MTU addr=73:53:A5:D7:40:4B ok=true requested=185
03-14 14:49:00.308 25431 25444 D PresenceGattClient: MTU_CHANGED addr=73:53:A5:D7:40:4B mtu=517 status=0
03-14 14:49:00.310 25431 25444 D PresenceGattClient: DISCOVER_SERVICES_AFTER_MTU addr=73:53:A5:D7:40:4B ok=true
03-14 14:49:00.315 25431 25444 E PresenceHandshake: PP_HANDSHAKE SERVICES_DISCOVERED peer=73:53:A5:D7:40:4B
03-14 14:49:00.315 25431 25444 D PresenceGattClient: DISCOVERED_SERVICE addr=73:53:A5:D7:40:4B uuid=00001801-0000-1000-8000-00805f9b34fb
03-14 14:49:00.316 25431 25444 D PresenceGattClient: DISCOVERED_CHAR addr=73:53:A5:D7:40:4B service=00001801-0000-1000-8000-00805f9b34fb uuid=00002a05-0000-1000-8000-00805f9b34fb
03-14 14:49:00.316 25431 25444 D PresenceGattClient: DISCOVERED_CHAR addr=73:53:A5:D7:40:4B service=00001801-0000-1000-8000-00805f9b34fb uuid=00002b3a-0000-1000-8000-00805f9b34fb
03-14 14:49:00.317 25431 25444 D PresenceGattClient: DISCOVERED_CHAR addr=73:53:A5:D7:40:4B service=00001801-0000-1000-8000-00805f9b34fb uuid=00002b29-0000-1000-8000-00805f9b34fb
03-14 14:49:00.317 25431 25444 D PresenceGattClient: DISCOVERED_CHAR addr=73:53:A5:D7:40:4B service=00001801-0000-1000-8000-00805f9b34fb uuid=00002b2a-0000-1000-8000-00805f9b34fb
03-14 14:49:00.317 25431 25444 D PresenceGattClient: DISCOVERED_SERVICE addr=73:53:A5:D7:40:4B uuid=00001800-0000-1000-8000-00805f9b34fb
03-14 14:49:00.318 25431 25444 D PresenceGattClient: DISCOVERED_CHAR addr=73:53:A5:D7:40:4B service=00001800-0000-1000-8000-00805f9b34fb uuid=00002a00-0000-1000-8000-00805f9b34fb
03-14 14:49:00.318 25431 25444 D PresenceGattClient: DISCOVERED_CHAR addr=73:53:A5:D7:40:4B service=00001800-0000-1000-8000-00805f9b34fb uuid=00002a01-0000-1000-8000-00805f9b34fb
03-14 14:49:00.318 25431 25444 D PresenceGattClient: DISCOVERED_CHAR addr=73:53:A5:D7:40:4B service=00001800-0000-1000-8000-00805f9b34fb uuid=00002aa6-0000-1000-8000-00805f9b34fb
03-14 14:49:00.319 25431 25444 D PresenceGattClient: DISCOVERED_SERVICE addr=73:53:A5:D7:40:4B uuid=594a34fc-31db-11ea-978f-2e728ce88125
03-14 14:49:00.319 25431 25444 D PresenceGattClient: DISCOVERED_CHAR addr=73:53:A5:D7:40:4B service=594a34fc-31db-11ea-978f-2e728ce88125 uuid=594a36e6-31db-11ea-978f-2e728ce88125
03-14 14:49:00.319 25431 25444 D PresenceGattClient: DISCOVERED_CHAR addr=73:53:A5:D7:40:4B service=594a34fc-31db-11ea-978f-2e728ce88125 uuid=594a3010-31db-11ea-978f-2e728ce88125
03-14 14:49:00.320 25431 25444 D PresenceGattClient: DISCOVERED_SERVICE addr=73:53:A5:D7:40:4B uuid=7d3a2d6b-9b7a-4f2a-9e5e-0c9d6f1b1c01
03-14 14:49:00.320 25431 25444 D PresenceGattClient: DISCOVERED_CHAR addr=73:53:A5:D7:40:4B service=7d3a2d6b-9b7a-4f2a-9e5e-0c9d6f1b1c01 uuid=7d3a2d6b-9b7a-4f2a-9e5e-0c9d6f1b1c02
03-14 14:49:00.320 25431 25444 D PresenceGattClient: DISCOVERED_CHAR addr=73:53:A5:D7:40:4B service=7d3a2d6b-9b7a-4f2a-9e5e-0c9d6f1b1c01 uuid=7d3a2d6b-9b7a-4f2a-9e5e-0c9d6f1b1c03
03-14 14:49:00.321 25431 25444 D PresenceGattClient: DISCOVERED_CHAR addr=73:53:A5:D7:40:4B service=7d3a2d6b-9b7a-4f2a-9e5e-0c9d6f1b1c01 uuid=7d3a2d6b-9b7a-4f2a-9e5e-0c9d6f1b1c04
03-14 14:49:00.321 25431 25444 D PresenceGattClient: SERVICE_LOOKUP addr=73:53:A5:D7:40:4B serviceFound=true replyFound=true helloFound=true
03-14 14:49:00.404 25431 25444 D PresenceGattClient: CCCD_TX addr=73:53:A5:D7:40:4B status=0
03-14 14:49:00.412 25431 25444 D PresenceGattClient: HELLO_BUILD addr=73:53:A5:D7:40:4B mode=CBOR bytes=215 hash=fc461a1535bc0a0b2ce97241908ca77a76b0dc95bc8224b26352e7ba7d6185d2
03-14 14:49:00.412 25431 25444 D PresenceGattClient: HELLO_WRITE_REQUEST addr=73:53:A5:D7:40:4B writeType=1 bytes=215
03-14 14:49:00.417 25431 25444 D PresenceGattClient: HELLO_TX addr=73:53:A5:D7:40:4B status=0 bytes=215
03-14 14:49:00.417 25431 25444 E PresenceHandshake: PP_HANDSHAKE CHAR_WRITE peer=73:53:A5:D7:40:4B
03-14 14:49:00.605 25431 25444 D PresenceGattClient: REPLY_RX addr=73:53:A5:D7:40:4B bytes=311
03-14 14:49:00.620 25431 25444 E PresenceHandshake: PP_HANDSHAKE NOTIFY_RECEIVED peer=73:53:A5:D7:40:4B
03-14 14:49:00.621 25431 25444 E PresenceHandshake: PP_HANDSHAKE HANDSHAKE_COMPLETE peer=73:53:A5:D7:40:4B rewardPeer=753c88d3-9fad-4b79-b686-108683dbcc7e|e11fe125-bacf-4485-8ccd-d0c353a3f965
03-14 14:49:00.622 25431 25444 E PresenceHandshake: PP_SUPPRESS cooldown peer=753c88d3-9fad-4b79-b686-108683dbcc7e|e11fe125-bacf-4485-8ccd-d0c353a3f965 cooldownMs=56391
03-14 14:49:00.625 25431 25444 D PresenceGattClient: RESULT_TX addr=73:53:A5:D7:40:4B ok=true bytes=2
03-14 14:49:00.627 25431 25444 D PresenceGattClient: RESULT_TX addr=73:53:A5:D7:40:4B status=0
03-14 14:49:00.627 25431 25444 E PresenceGattClient: PP_HANDSHAKE HANDSHAKE_COMPLETE peer=73:53:A5:D7:40:4B
03-14 14:49:00.627 25431 25444 D PresenceGattClient: CLIENT_CLEANUP reason=handshake complete addr=73:53:A5:D7:40:4B
03-14 14:49:29.764 25431 25431 E PresenceHandshake: PP_HANDSHAKE CONNECT_START peer=73:53:A5:D7:40:4B
03-14 14:49:29.764 25431 25431 E PresenceHandshake: PP_CONFIG transportMode=CBOR ledgerCreditCooldownMs=300000
03-14 14:49:29.764 25431 25431 D PresenceGattClient: CLIENT_CONNECT addr=73:53:A5:D7:40:4B
03-14 14:49:30.371 25431 25444 D PresenceGattClient: CLIENT_STATE addr=73:53:A5:D7:40:4B status=0 newState=2
03-14 14:49:30.371 25431 25444 E PresenceHandshake: PP_HANDSHAKE GATT_CONNECTED peer=73:53:A5:D7:40:4B
03-14 14:49:30.374 25431 25444 D PresenceGattClient: REQUEST_MTU addr=73:53:A5:D7:40:4B ok=true requested=185
03-14 14:49:30.635 25431 25444 D PresenceGattClient: MTU_CHANGED addr=73:53:A5:D7:40:4B mtu=517 status=0
03-14 14:49:30.640 25431 25444 D PresenceGattClient: DISCOVER_SERVICES_AFTER_MTU addr=73:53:A5:D7:40:4B ok=true
03-14 14:49:30.645 25431 25444 E PresenceHandshake: PP_HANDSHAKE SERVICES_DISCOVERED peer=73:53:A5:D7:40:4B
03-14 14:49:30.645 25431 25444 D PresenceGattClient: DISCOVERED_SERVICE addr=73:53:A5:D7:40:4B uuid=00001801-0000-1000-8000-00805f9b34fb
03-14 14:49:30.645 25431 25444 D PresenceGattClient: DISCOVERED_CHAR addr=73:53:A5:D7:40:4B service=00001801-0000-1000-8000-00805f9b34fb uuid=00002a05-0000-1000-8000-00805f9b34fb
03-14 14:49:30.646 25431 25444 D PresenceGattClient: DISCOVERED_CHAR addr=73:53:A5:D7:40:4B service=00001801-0000-1000-8000-00805f9b34fb uuid=00002b3a-0000-1000-8000-00805f9b34fb
03-14 14:49:30.646 25431 25444 D PresenceGattClient: DISCOVERED_CHAR addr=73:53:A5:D7:40:4B service=00001801-0000-1000-8000-00805f9b34fb uuid=00002b29-0000-1000-8000-00805f9b34fb
03-14 14:49:30.646 25431 25444 D PresenceGattClient: DISCOVERED_CHAR addr=73:53:A5:D7:40:4B service=00001801-0000-1000-8000-00805f9b34fb uuid=00002b2a-0000-1000-8000-00805f9b34fb
03-14 14:49:30.647 25431 25444 D PresenceGattClient: DISCOVERED_SERVICE addr=73:53:A5:D7:40:4B uuid=00001800-0000-1000-8000-00805f9b34fb
03-14 14:49:30.648 25431 25444 D PresenceGattClient: DISCOVERED_CHAR addr=73:53:A5:D7:40:4B service=00001800-0000-1000-8000-00805f9b34fb uuid=00002a00-0000-1000-8000-00805f9b34fb
03-14 14:49:30.649 25431 25444 D PresenceGattClient: DISCOVERED_CHAR addr=73:53:A5:D7:40:4B service=00001800-0000-1000-8000-00805f9b34fb uuid=00002a01-0000-1000-8000-00805f9b34fb
03-14 14:49:30.649 25431 25444 D PresenceGattClient: DISCOVERED_CHAR addr=73:53:A5:D7:40:4B service=00001800-0000-1000-8000-00805f9b34fb uuid=00002aa6-0000-1000-8000-00805f9b34fb
03-14 14:49:30.650 25431 25444 D PresenceGattClient: DISCOVERED_SERVICE addr=73:53:A5:D7:40:4B uuid=594a34fc-31db-11ea-978f-2e728ce88125
03-14 14:49:30.651 25431 25444 D PresenceGattClient: DISCOVERED_CHAR addr=73:53:A5:D7:40:4B service=594a34fc-31db-11ea-978f-2e728ce88125 uuid=594a36e6-31db-11ea-978f-2e728ce88125
03-14 14:49:30.651 25431 25444 D PresenceGattClient: DISCOVERED_CHAR addr=73:53:A5:D7:40:4B service=594a34fc-31db-11ea-978f-2e728ce88125 uuid=594a3010-31db-11ea-978f-2e728ce88125
03-14 14:49:30.652 25431 25444 D PresenceGattClient: DISCOVERED_SERVICE addr=73:53:A5:D7:40:4B uuid=7d3a2d6b-9b7a-4f2a-9e5e-0c9d6f1b1c01
03-14 14:49:30.653 25431 25444 D PresenceGattClient: DISCOVERED_CHAR addr=73:53:A5:D7:40:4B service=7d3a2d6b-9b7a-4f2a-9e5e-0c9d6f1b1c01 uuid=7d3a2d6b-9b7a-4f2a-9e5e-0c9d6f1b1c02
03-14 14:49:30.653 25431 25444 D PresenceGattClient: DISCOVERED_CHAR addr=73:53:A5:D7:40:4B service=7d3a2d6b-9b7a-4f2a-9e5e-0c9d6f1b1c01 uuid=7d3a2d6b-9b7a-4f2a-9e5e-0c9d6f1b1c03
03-14 14:49:30.654 25431 25444 D PresenceGattClient: DISCOVERED_CHAR addr=73:53:A5:D7:40:4B service=7d3a2d6b-9b7a-4f2a-9e5e-0c9d6f1b1c01 uuid=7d3a2d6b-9b7a-4f2a-9e5e-0c9d6f1b1c04
03-14 14:49:30.654 25431 25444 D PresenceGattClient: SERVICE_LOOKUP addr=73:53:A5:D7:40:4B serviceFound=true replyFound=true helloFound=true
03-14 14:49:30.730 25431 25444 D PresenceGattClient: CCCD_TX addr=73:53:A5:D7:40:4B status=0
03-14 14:49:30.736 25431 25444 D PresenceGattClient: HELLO_BUILD addr=73:53:A5:D7:40:4B mode=CBOR bytes=215 hash=5fd75573393bfa0a0eff86431837a46e1854c8bae360a86cba11bee87fdd98d5
03-14 14:49:30.736 25431 25444 D PresenceGattClient: HELLO_WRITE_REQUEST addr=73:53:A5:D7:40:4B writeType=1 bytes=215
03-14 14:49:30.742 25431 25444 D PresenceGattClient: HELLO_TX addr=73:53:A5:D7:40:4B status=0 bytes=215
03-14 14:49:30.743 25431 25444 E PresenceHandshake: PP_HANDSHAKE CHAR_WRITE peer=73:53:A5:D7:40:4B
03-14 14:49:30.880 25431 25444 D PresenceGattClient: REPLY_RX addr=73:53:A5:D7:40:4B bytes=311
03-14 14:49:30.891 25431 25444 E PresenceHandshake: PP_HANDSHAKE NOTIFY_RECEIVED peer=73:53:A5:D7:40:4B
03-14 14:49:30.892 25431 25444 E PresenceHandshake: PP_HANDSHAKE HANDSHAKE_COMPLETE peer=73:53:A5:D7:40:4B rewardPeer=753c88d3-9fad-4b79-b686-108683dbcc7e|e11fe125-bacf-4485-8ccd-d0c353a3f965
03-14 14:49:30.893 25431 25444 E PresenceHandshake: PP_SUPPRESS cooldown peer=753c88d3-9fad-4b79-b686-108683dbcc7e|e11fe125-bacf-4485-8ccd-d0c353a3f965 cooldownMs=26121
03-14 14:49:30.896 25431 25444 D PresenceGattClient: RESULT_TX addr=73:53:A5:D7:40:4B ok=true bytes=2
03-14 14:49:30.898 25431 25444 D PresenceGattClient: RESULT_TX addr=73:53:A5:D7:40:4B status=0
03-14 14:49:30.898 25431 25444 E PresenceGattClient: PP_HANDSHAKE HANDSHAKE_COMPLETE peer=73:53:A5:D7:40:4B
03-14 14:49:30.898 25431 25444 D PresenceGattClient: CLIENT_CLEANUP reason=handshake complete addr=73:53:A5:D7:40:4B
03-14 14:50:00.110 25431 25431 E PresenceHandshake: PP_HANDSHAKE CONNECT_START peer=73:53:A5:D7:40:4B
03-14 14:50:00.110 25431 25431 E PresenceHandshake: PP_CONFIG transportMode=CBOR ledgerCreditCooldownMs=300000
03-14 14:50:00.110 25431 25431 D PresenceGattClient: CLIENT_CONNECT addr=73:53:A5:D7:40:4B
03-14 14:50:00.888 25431 25444 D PresenceGattClient: CLIENT_STATE addr=73:53:A5:D7:40:4B status=0 newState=2
03-14 14:50:00.888 25431 25444 E PresenceHandshake: PP_HANDSHAKE GATT_CONNECTED peer=73:53:A5:D7:40:4B
03-14 14:50:00.891 25431 25444 D PresenceGattClient: REQUEST_MTU addr=73:53:A5:D7:40:4B ok=true requested=185
03-14 14:50:01.154 25431 25444 D PresenceGattClient: MTU_CHANGED addr=73:53:A5:D7:40:4B mtu=517 status=0
03-14 14:50:01.158 25431 25444 D PresenceGattClient: DISCOVER_SERVICES_AFTER_MTU addr=73:53:A5:D7:40:4B ok=true
03-14 14:50:01.164 25431 25444 E PresenceHandshake: PP_HANDSHAKE SERVICES_DISCOVERED peer=73:53:A5:D7:40:4B
03-14 14:50:01.164 25431 25444 D PresenceGattClient: DISCOVERED_SERVICE addr=73:53:A5:D7:40:4B uuid=00001801-0000-1000-8000-00805f9b34fb
03-14 14:50:01.164 25431 25444 D PresenceGattClient: DISCOVERED_CHAR addr=73:53:A5:D7:40:4B service=00001801-0000-1000-8000-00805f9b34fb uuid=00002a05-0000-1000-8000-00805f9b34fb
03-14 14:50:01.165 25431 25444 D PresenceGattClient: DISCOVERED_CHAR addr=73:53:A5:D7:40:4B service=00001801-0000-1000-8000-00805f9b34fb uuid=00002b3a-0000-1000-8000-00805f9b34fb
03-14 14:50:01.165 25431 25444 D PresenceGattClient: DISCOVERED_CHAR addr=73:53:A5:D7:40:4B service=00001801-0000-1000-8000-00805f9b34fb uuid=00002b29-0000-1000-8000-00805f9b34fb
03-14 14:50:01.165 25431 25444 D PresenceGattClient: DISCOVERED_CHAR addr=73:53:A5:D7:40:4B service=00001801-0000-1000-8000-00805f9b34fb uuid=00002b2a-0000-1000-8000-00805f9b34fb
03-14 14:50:01.166 25431 25444 D PresenceGattClient: DISCOVERED_SERVICE addr=73:53:A5:D7:40:4B uuid=00001800-0000-1000-8000-00805f9b34fb
03-14 14:50:01.166 25431 25444 D PresenceGattClient: DISCOVERED_CHAR addr=73:53:A5:D7:40:4B service=00001800-0000-1000-8000-00805f9b34fb uuid=00002a00-0000-1000-8000-00805f9b34fb
03-14 14:50:01.166 25431 25444 D PresenceGattClient: DISCOVERED_CHAR addr=73:53:A5:D7:40:4B service=00001800-0000-1000-8000-00805f9b34fb uuid=00002a01-0000-1000-8000-00805f9b34fb
03-14 14:50:01.167 25431 25444 D PresenceGattClient: DISCOVERED_CHAR addr=73:53:A5:D7:40:4B service=00001800-0000-1000-8000-00805f9b34fb uuid=00002aa6-0000-1000-8000-00805f9b34fb
03-14 14:50:01.168 25431 25444 D PresenceGattClient: DISCOVERED_SERVICE addr=73:53:A5:D7:40:4B uuid=594a34fc-31db-11ea-978f-2e728ce88125
03-14 14:50:01.169 25431 25444 D PresenceGattClient: DISCOVERED_CHAR addr=73:53:A5:D7:40:4B service=594a34fc-31db-11ea-978f-2e728ce88125 uuid=594a36e6-31db-11ea-978f-2e728ce88125
03-14 14:50:01.169 25431 25444 D PresenceGattClient: DISCOVERED_CHAR addr=73:53:A5:D7:40:4B service=594a34fc-31db-11ea-978f-2e728ce88125 uuid=594a3010-31db-11ea-978f-2e728ce88125
03-14 14:50:01.170 25431 25444 D PresenceGattClient: DISCOVERED_SERVICE addr=73:53:A5:D7:40:4B uuid=7d3a2d6b-9b7a-4f2a-9e5e-0c9d6f1b1c01
03-14 14:50:01.170 25431 25444 D PresenceGattClient: DISCOVERED_CHAR addr=73:53:A5:D7:40:4B service=7d3a2d6b-9b7a-4f2a-9e5e-0c9d6f1b1c01 uuid=7d3a2d6b-9b7a-4f2a-9e5e-0c9d6f1b1c02
03-14 14:50:01.171 25431 25444 D PresenceGattClient: DISCOVERED_CHAR addr=73:53:A5:D7:40:4B service=7d3a2d6b-9b7a-4f2a-9e5e-0c9d6f1b1c01 uuid=7d3a2d6b-9b7a-4f2a-9e5e-0c9d6f1b1c03
03-14 14:50:01.172 25431 25444 D PresenceGattClient: DISCOVERED_CHAR addr=73:53:A5:D7:40:4B service=7d3a2d6b-9b7a-4f2a-9e5e-0c9d6f1b1c01 uuid=7d3a2d6b-9b7a-4f2a-9e5e-0c9d6f1b1c04
03-14 14:50:01.173 25431 25444 D PresenceGattClient: SERVICE_LOOKUP addr=73:53:A5:D7:40:4B serviceFound=true replyFound=true helloFound=true
03-14 14:50:01.246 25431 25444 D PresenceGattClient: CCCD_TX addr=73:53:A5:D7:40:4B status=0
03-14 14:50:01.254 25431 25444 D PresenceGattClient: HELLO_BUILD addr=73:53:A5:D7:40:4B mode=CBOR bytes=215 hash=2dd5e9383fba9accd647a374bad1f52c4887a71a1ccde5dc295d32b91154e5d0
03-14 14:50:01.255 25431 25444 D PresenceGattClient: HELLO_WRITE_REQUEST addr=73:53:A5:D7:40:4B writeType=1 bytes=215
03-14 14:50:01.261 25431 25444 D PresenceGattClient: HELLO_TX addr=73:53:A5:D7:40:4B status=0 bytes=215
03-14 14:50:01.262 25431 25444 E PresenceHandshake: PP_HANDSHAKE CHAR_WRITE peer=73:53:A5:D7:40:4B
03-14 14:50:01.348 25431 25444 D PresenceGattClient: REPLY_RX addr=73:53:A5:D7:40:4B bytes=313
03-14 14:50:01.364 25431 25444 E PresenceHandshake: PP_HANDSHAKE NOTIFY_RECEIVED peer=73:53:A5:D7:40:4B
03-14 14:50:01.364 25431 25444 E PresenceHandshake: PP_HANDSHAKE HANDSHAKE_COMPLETE peer=73:53:A5:D7:40:4B rewardPeer=753c88d3-9fad-4b79-b686-108683dbcc7e|e11fe125-bacf-4485-8ccd-d0c353a3f965
03-14 14:50:01.366 25431 25444 E PresenceHandshake: PP_HANDSHAKE DEVICE_B_SIGNATURE peer=73:53:A5:D7:40:4B value=MEYCIQDObiuNmJvV1NUIsoYwL2fmLjuOjxRJ+PHX9AQJC9IhnAIhAO17LDwpar+/IVnrLqzYKl391bkGqT7DP0AMPgHrs0z4
03-14 14:50:01.369 25431 25444 E PresenceHandshake: PP_VERIFY deviceASignatureValid=true peer=73:53:A5:D7:40:4B
03-14 14:50:01.369 25431 25444 E PresenceHandshake: PP_VERIFY deviceBSignatureValid=true peer=73:53:A5:D7:40:4B
03-14 14:50:01.372 25431 25444 E PresenceHandshake: PP_TICKET GENERATED encounterId=f3302000-d834-aec9-bf46-75c8966b0b0b peer=753c88d3-9fad-4b79-b686-108683dbcc7e|e11fe125-bacf-4485-8ccd-d0c353a3f965
03-14 14:50:01.372 25431 25444 E PresenceHandshake: PP_TICKET JSON {"encounterId":"f3302000-d834-aec9-bf46-75c8966b0b0b","deviceAEphemeralKey":"MFkwEwYHKoZIzj0CAQYIKoZIzj0DAQcDQgAEgFvLu+ZH792R4LIik4Jfl7UfL89DQ4eln509Fl6cilwrPp53JuVKtiKKhniX2BtnArnA6xg9krGDL1X6PnfjNQ==","deviceBEphemeralKey":"753c88d3-9fad-4b79-b686-108683dbcc7e|e11fe125-bacf-4485-8ccd-d0c353a3f965","helloHash":"2dd5e9383fba9accd647a374bad1f52c4887a71a1ccde5dc295d32b91154e5d0","replyHash":"7180f9e00589c5cbf7bfce2fea06635b4dedf2c9ba8a3ba6fcd147b61290c9b5","handshakeTimestamp":1773453001364,"heartbeatId":118230200,"epochId":9852516,"heartbeatIndexInEpoch":8,"nonce":"7082e23f-33f9-455e-ab82-d6339e6a43f5","protocolVersion":"presence_v1","appVersion":"0.1-both","deviceASignature":"MEUCIQC4sGLhmLFsNB1G0sOVhnl5fgo4fwbGe3Qunew9VGJsDwIgNwpEPVRf8dylXe851TmMKv2BM8Bw2bDvIh9UXrwPZ3c=","deviceBSignature":"MEYCIQDObiuNmJvV1NUIsoYwL2fmLjuOjxRJ+PHX9AQJC9IhnAIhAO17LDwpar+/IVnrLqzYKl391bkGqT7DP0AMPgHrs0z4"}
03-14 14:50:01.374 25431 25444 E PresenceHandshake: PP_TICKET_PERSISTED encounterId=f3302000-d834-aec9-bf46-75c8966b0b0b peer=753c88d3-9fad-4b79-b686-108683dbcc7e|e11fe125-bacf-4485-8ccd-d0c353a3f965 ok=true
03-14 14:50:01.379 25431 25444 D PresenceGattClient: RESULT_TX addr=73:53:A5:D7:40:4B ok=true bytes=2
03-14 14:50:01.381 25431 25444 D PresenceGattClient: RESULT_TX addr=73:53:A5:D7:40:4B status=0
03-14 14:50:01.382 25431 25444 E PresenceGattClient: PP_HANDSHAKE HANDSHAKE_COMPLETE peer=73:53:A5:D7:40:4B
03-14 14:50:01.382 25431 25444 D PresenceGattClient: CLIENT_CLEANUP reason=handshake complete addr=73:53:A5:D7:40:4B
